mean_fit_time,std_fit_time,mean_score_time,std_score_time,param_min_node_size,param_num_features,param_num_trees,params,split0_test_score,split1_test_score,split2_test_score,split3_test_score,split4_test_score,mean_test_score,std_test_score,rank_test_score,model_name,cu,co,tau,variable
103.18219156265259,19.3005300751557,15.076337432861328,1.0367684173091347,8,9,500,"OrderedDict([('min_node_size', 8), ('num_features', 9), ('num_trees', 500)])",-0.019859815707780556,-0.01861194174555266,-0.021571602107739805,-0.01973354558557088,-0.018244246822065997,-0.019604230393741977,0.0011650570637683488,2,DRF,9.0,1.0,0.9,dummyID
94.58813533782958,16.036815915120165,13.124677515029907,1.8763431127389298,4,9,100,"OrderedDict([('min_node_size', 4), ('num_features', 9), ('num_trees', 100)])",-0.01992458758156503,-0.018651306601082548,-0.021791708284382347,-0.019760677990769904,-0.018304325556710594,-0.019686521202902083,0.001222793650133909,16,DRF,9.0,1.0,0.9,dummyID
93.91338419914246,18.42207008250979,12.740896272659302,1.2702038945593928,4,9,100,"OrderedDict([('min_node_size', 4), ('num_features', 9), ('num_trees', 100)])",-0.01992458758156503,-0.018651306601082548,-0.021791708284382347,-0.019760677990769904,-0.018304325556710594,-0.019686521202902083,0.001222793650133909,16,DRF,9.0,1.0,0.9,dummyID
91.80743956565857,18.267813729169003,12.850415372848511,0.9792959740083798,32,9,50,"OrderedDict([('min_node_size', 32), ('num_features', 9), ('num_trees', 50)])",-0.019970609099711767,-0.018779631674661863,-0.021797830240512378,-0.01997677022603806,-0.01835894261619431,-0.019776756771423674,0.0011972282582719763,32,DRF,9.0,1.0,0.9,dummyID
91.59209527969361,16.846438196480815,12.334033060073853,1.2090957771662618,2,9,50,"OrderedDict([('min_node_size', 2), ('num_features', 9), ('num_trees', 50)])",-0.02018601472985714,-0.01883476158675546,-0.021930639196487772,-0.020024396555868306,-0.018708465538847748,-0.019936855521563285,0.001163483569023326,44,DRF,9.0,1.0,0.9,dummyID
92.16047496795655,18.0330576862739,12.707268142700196,1.1215976791036166,8,9,50,"OrderedDict([('min_node_size', 8), ('num_features', 9), ('num_trees', 50)])",-0.019978962888449928,-0.018843857715140012,-0.021555122594906505,-0.01982186760864996,-0.01838490857929107,-0.019716943877287493,0.001095003327041784,24,DRF,9.0,1.0,0.9,dummyID
149.2610677242279,32.73018502980666,16.77351279258728,2.2617048067371486,1,82,250,"OrderedDict([('min_node_size', 1), ('num_features', 82), ('num_trees', 250)])",-0.019988002628348687,-0.01873487953194751,-0.021529604711351187,-0.019780484382061685,-0.01824912809256741,-0.019656419869255294,0.0011370019630715137,12,DRF,9.0,1.0,0.9,dummyID
122.40713338851928,21.63179724972222,16.071130561828614,1.4018724164112368,16,82,50,"OrderedDict([('min_node_size', 16), ('num_features', 82), ('num_trees', 50)])",-0.020081291094875362,-0.01874205741623234,-0.021839211586684993,-0.01995577112992422,-0.01850747958071956,-0.019825162161687296,0.001187304433845538,36,DRF,9.0,1.0,0.9,dummyID
123.22571096420288,20.515593632610404,14.627951860427856,0.7034778765538646,16,82,100,"OrderedDict([('min_node_size', 16), ('num_features', 82), ('num_trees', 100)])",-0.01997572931447517,-0.01869630543533701,-0.021622513665720846,-0.01986878623554651,-0.018323119348471115,-0.01969729079991013,0.00115790678829665,21,DRF,9.0,1.0,0.9,dummyID
108.77280030250549,13.231120842839406,15.873108053207398,0.5165406608436374,32,9,500,"OrderedDict([('min_node_size', 32), ('num_features', 9), ('num_trees', 500)])",-0.019952238518682296,-0.018721837488170585,-0.021768068356353837,-0.019853697549757555,-0.018321242359344736,-0.0197234168544618,0.001201597829517834,26,DRF,9.0,1.0,0.9,dummyID
96.06287837028503,18.01897130502358,17.580772399902344,2.07192684677915,128,9,250,"OrderedDict([('min_node_size', 128), ('num_features', 9), ('num_trees', 250)])",-0.020159168744051503,-0.019043848765389847,-0.022080733439311214,-0.020052923488015496,-0.018552444310518026,-0.019977823749457217,0.001213653241852219,46,DRF,9.0,1.0,0.9,dummyID
97.95570111274719,16.960483471781227,15.086489582061768,1.676643842839693,64,9,250,"OrderedDict([('min_node_size', 64), ('num_features', 9), ('num_trees', 250)])",-0.020015199152189043,-0.01880160911677812,-0.021855245856247013,-0.019944495593304988,-0.01842023864604567,-0.019807357672912966,0.0011992898110149142,34,DRF,9.0,1.0,0.9,dummyID
103.10151519775391,21.60631828320837,13.736219453811646,1.5117924211565135,4,9,250,"OrderedDict([('min_node_size', 4), ('num_features', 9), ('num_trees', 250)])",-0.019850252889451088,-0.01859570453285203,-0.021531409942014412,-0.01982642106942829,-0.018338045201027924,-0.019628366726954748,0.0011350201158978432,6,DRF,9.0,1.0,0.9,dummyID
111.15391254425049,19.340848896043692,13.34212784767151,1.7784896256389866,8,82,100,"OrderedDict([('min_node_size', 8), ('num_features', 82), ('num_trees', 100)])",-0.019903403626041476,-0.018715113129568823,-0.02172867694600726,-0.019888453571562804,-0.01832147353753502,-0.019711424162143075,0.0011884530056206276,23,DRF,9.0,1.0,0.9,dummyID
140.7190519809723,25.870545982890864,19.80257115364075,1.8281319461119052,128,82,500,"OrderedDict([('min_node_size', 128), ('num_features', 82), ('num_trees', 500)])",-0.020263861359728432,-0.019081446396110972,-0.022144942811807507,-0.02002968589879633,-0.018584839030114986,-0.020020955099311646,0.0012260105585709604,49,DRF,9.0,1.0,0.9,dummyID
175.9864535331726,28.181173028450374,15.093071460723877,1.0478658048080383,4,82,500,"OrderedDict([('min_node_size', 4), ('num_features', 82), ('num_trees', 500)])",-0.01989513943741846,-0.01867031752219325,-0.021609920484044892,-0.019800574630266184,-0.01833538380054255,-0.019662267174893066,0.001149895252458644,13,DRF,9.0,1.0,0.9,dummyID
97.16460137367248,15.467762950146016,12.852506828308105,2.052924043227631,1,9,100,"OrderedDict([('min_node_size', 1), ('num_features', 9), ('num_trees', 100)])",-0.02003699716067827,-0.01871810325348826,-0.021618141005993012,-0.019885884265791853,-0.018374709623879975,-0.019726767061966275,0.0011440558018961523,27,DRF,9.0,1.0,0.9,dummyID
116.85083951950074,22.25989206637653,16.82097487449646,1.8915164674167626,128,82,250,"OrderedDict([('min_node_size', 128), ('num_features', 82), ('num_trees', 250)])",-0.020250898013253683,-0.019100138149879885,-0.022135205131101388,-0.020032566511287892,-0.01855959960977551,-0.020015681483059673,0.0012252662103803815,48,DRF,9.0,1.0,0.9,dummyID
102.63080720901489,18.437194233967734,16.991514873504638,0.6644930093294708,64,9,500,"OrderedDict([('min_node_size', 64), ('num_features', 9), ('num_trees', 500)])",-0.020027511812158703,-0.018826906782050644,-0.02186991299192154,-0.01989380119986544,-0.018442359403102414,-0.01981209843781975,0.0011945264018906059,35,DRF,9.0,1.0,0.9,dummyID
94.27939414978027,17.949844171520397,13.037300491333008,1.2070975254692375,32,9,100,"OrderedDict([('min_node_size', 32), ('num_features', 9), ('num_trees', 100)])",-0.019970314439890214,-0.018683162963992403,-0.021772449143732213,-0.019865720948747917,-0.0183099392191031,-0.01972031734309317,0.001213238751677182,25,DRF,9.0,1.0,0.9,dummyID
183.20979256629943,28.601247412926735,15.255567073822021,1.1207171581828732,1,82,500,"OrderedDict([('min_node_size', 1), ('num_features', 82), ('num_trees', 500)])",-0.019880259065730273,-0.01859394418218247,-0.02161493192931379,-0.019748501280953058,-0.018293163595058254,-0.01962616001064757,0.0011727827097290488,5,DRF,9.0,1.0,0.9,dummyID
104.31733713150024,16.14019373733815,12.403454685211182,1.3247979865043877,8,82,50,"OrderedDict([('min_node_size', 8), ('num_features', 82), ('num_trees', 50)])",-0.01987660678978926,-0.01878284514501321,-0.021963192449639235,-0.01992936103073954,-0.01858206748198292,-0.019826814579432833,0.001201363638521479,37,DRF,9.0,1.0,0.9,dummyID
99.34241886138916,18.84861317524302,13.787043380737305,1.5883393096377316,8,9,250,"OrderedDict([('min_node_size', 8), ('num_features', 9), ('num_trees', 250)])",-0.019912505034746834,-0.018656839469651944,-0.021560549578772226,-0.01976681127321295,-0.01825546429912091,-0.01963043393110097,0.0011542908614877408,7,DRF,9.0,1.0,0.9,dummyID
111.90523991584777,21.142619149490258,13.366640377044678,1.6507009708016402,2,82,100,"OrderedDict([('min_node_size', 2), ('num_features', 82), ('num_trees', 100)])",-0.019944758984045886,-0.01873533981773872,-0.02176752021090973,-0.01991878462140756,-0.018405152565687317,-0.019754311239957845,0.0011810896735484182,31,DRF,9.0,1.0,0.9,dummyID
151.66491708755493,28.80701768614443,17.380798864364625,1.5384403208215163,64,82,500,"OrderedDict([('min_node_size', 64), ('num_features', 82), ('num_trees', 500)])",-0.020090466849201804,-0.01887708094201507,-0.021954984185387567,-0.019910717164829457,-0.018463486072250332,-0.019859347042736845,0.0012133445371860542,41,DRF,9.0,1.0,0.9,dummyID
92.85165777206421,17.74102228318535,13.856349754333497,1.2457074180537224,64,9,100,"OrderedDict([('min_node_size', 64), ('num_features', 9), ('num_trees', 100)])",-0.020100073693290792,-0.018816205094473702,-0.021933166796610302,-0.019999075728543942,-0.018410349577430016,-0.01985177417806975,0.001230093804128415,40,DRF,9.0,1.0,0.9,dummyID
93.27787342071534,17.909302825326108,14.954059553146362,1.6919761617691942,128,9,100,"OrderedDict([('min_node_size', 128), ('num_features', 9), ('num_trees', 100)])",-0.02018353337704591,-0.018928128841617452,-0.02209006293084763,-0.020042568203721117,-0.018498680681005335,-0.019948594806847488,0.001248480245394777,45,DRF,9.0,1.0,0.9,dummyID
103.56859040260315,20.347235140236123,13.395615816116333,1.6293380569858376,1,82,50,"OrderedDict([('min_node_size', 1), ('num_features', 82), ('num_trees', 50)])",-0.02005944971105539,-0.019013623114650224,-0.021696144319137012,-0.019896897407169732,-0.018537439319175675,-0.01984071077423761,0.001084087430234239,38,DRF,9.0,1.0,0.9,dummyID
104.18496732711792,19.83558806013986,15.696863794326783,1.4788384666268866,128,82,100,"OrderedDict([('min_node_size', 128), ('num_features', 82), ('num_trees', 100)])",-0.020293336319586755,-0.01910263554561047,-0.022215531239167318,-0.020024470191543443,-0.018559313857781073,-0.020039057430737812,0.0012544668802557863,50,DRF,9.0,1.0,0.9,dummyID
110.67224192619324,19.774558766981425,13.071765851974487,0.756586840790877,4,82,100,"OrderedDict([('min_node_size', 4), ('num_features', 82), ('num_trees', 100)])",-0.019929784648444446,-0.018688591214638953,-0.021566908404229312,-0.019923927441528225,-0.018353846670849903,-0.019692611675938172,0.0011334103452445927,18,DRF,9.0,1.0,0.9,dummyID
92.14652419090271,17.72989258530819,13.065859079360962,1.2418187121499153,64,9,50,"OrderedDict([('min_node_size', 64), ('num_features', 9), ('num_trees', 50)])",-0.020112648490936916,-0.0188837009372746,-0.021885419466143616,-0.02003570203255653,-0.018455975338643373,-0.01987468925311101,0.0011933476205064455,42,DRF,9.0,1.0,0.9,dummyID
100.03991212844849,19.89917548517098,13.09410219192505,1.8062444303482135,32,82,50,"OrderedDict([('min_node_size', 32), ('num_features', 82), ('num_trees', 50)])",-0.02005571492405447,-0.018700454118418613,-0.02188870052612814,-0.01987126944931345,-0.01844082063152732,-0.0197913919298884,0.0012238577165395292,33,DRF,9.0,1.0,0.9,dummyID
101.60096750259399,19.333878770150385,13.963274002075195,1.9158631816291818,64,82,50,"OrderedDict([('min_node_size', 64), ('num_features', 82), ('num_trees', 50)])",-0.020103879510647047,-0.01891193608323299,-0.02193401580413411,-0.02006699008215122,-0.018505717842511878,-0.01990450786453545,0.001193889799601222,43,DRF,9.0,1.0,0.9,dummyID
101.16710271835328,21.026672410685673,16.269509649276735,2.035972324379374,32,9,250,"OrderedDict([('min_node_size', 32), ('num_features', 9), ('num_trees', 250)])",-0.019942173355213887,-0.018616390749324578,-0.021736890775862844,-0.019854738722781453,-0.01832156348143047,-0.019694351416922645,0.0012087723317912478,19,DRF,9.0,1.0,0.9,dummyID
131.4641351699829,23.555936088308012,15.742378520965577,1.4925427574008814,32,82,250,"OrderedDict([('min_node_size', 32), ('num_features', 82), ('num_trees', 250)])",-0.019959625483529964,-0.018729181678057562,-0.021693906730409378,-0.019876639287831767,-0.018390219786457444,-0.019729914593257222,0.0011599835246100425,30,DRF,9.0,1.0,0.9,dummyID
103.01146841049194,19.82421181861198,15.302632427215576,1.0531743338544424,16,9,500,"OrderedDict([('min_node_size', 16), ('num_features', 9), ('num_trees', 500)])",-0.01987882358790477,-0.01866796585731935,-0.021619189642101758,-0.01979414217013241,-0.01828575088015147,-0.01964917442752195,0.001164165654595717,10,DRF,9.0,1.0,0.9,dummyID
111.48244800567628,20.462776130268725,13.677078676223754,1.291846027863196,1,9,500,"OrderedDict([('min_node_size', 1), ('num_features', 9), ('num_trees', 500)])",-0.019858567114591337,-0.018678868661773228,-0.021519039869103977,-0.01981084455721259,-0.01822928835986056,-0.019619321712508336,0.0011418838031140288,3,DRF,9.0,1.0,0.9,dummyID
99.72078881263732,19.69614365855161,13.555450439453125,2.087063762802418,16,9,100,"OrderedDict([('min_node_size', 16), ('num_features', 9), ('num_trees', 100)])",-0.019902963735820095,-0.018668658018776114,-0.02170988382107953,-0.019839855010711394,-0.018291846555645124,-0.019682641428406453,0.0011954448947032945,15,DRF,9.0,1.0,0.9,dummyID
101.12002067565918,18.06159282404021,13.324260759353638,0.9041040573172916,16,9,250,"OrderedDict([('min_node_size', 16), ('num_features', 9), ('num_trees', 250)])",-0.019863470698937374,-0.01862307714386474,-0.021654399459718348,-0.019864648869379956,-0.018272843321352317,-0.019655687898650548,0.0011882954497591692,11,DRF,9.0,1.0,0.9,dummyID
97.63874731063842,18.752477785398472,13.677352046966552,1.7378176658636328,2,9,100,"OrderedDict([('min_node_size', 2), ('num_features', 9), ('num_trees', 100)])",-0.02003699716067827,-0.01871810325348826,-0.021618141005993012,-0.019885884265791853,-0.018374709623879975,-0.019726767061966275,0.0011440558018961523,27,DRF,9.0,1.0,0.9,dummyID
108.72028765678405,20.126267250982007,14.86868920326233,1.0631371625125836,4,9,500,"OrderedDict([('min_node_size', 4), ('num_features', 9), ('num_trees', 500)])",-0.01982821963334108,-0.018659817870025415,-0.021545422108174433,-0.019734495531357303,-0.018213892010049776,-0.0195963694305896,0.0011541241111879999,1,DRF,9.0,1.0,0.9,dummyID
101.36130833625793,16.70919233512034,13.291855907440185,1.986069678456246,2,9,250,"OrderedDict([('min_node_size', 2), ('num_features', 9), ('num_trees', 250)])",-0.019886433670125176,-0.01866409154739543,-0.02165719508186112,-0.019815225430211594,-0.01819751497733889,-0.01964409214138644,0.0011994653912314381,9,DRF,9.0,1.0,0.9,dummyID
109.32278008460999,21.273982502037516,13.574255418777465,1.7246665117646893,2,9,500,"OrderedDict([('min_node_size', 2), ('num_features', 9), ('num_trees', 500)])",-0.019858567114591337,-0.018678868661773228,-0.021519039869103977,-0.01981084455721259,-0.01822928835986056,-0.019619321712508336,0.0011418838031140288,3,DRF,9.0,1.0,0.9,dummyID
104.87565259933471,19.401936712745115,13.009614849090577,1.244618812924717,2,82,50,"OrderedDict([('min_node_size', 2), ('num_features', 82), ('num_trees', 50)])",-0.02005944971105539,-0.019013623114650224,-0.021696144319137012,-0.019896897407169732,-0.018537439319175675,-0.01984071077423761,0.001084087430234239,38,DRF,9.0,1.0,0.9,dummyID
95.15367679595947,17.918845943988767,13.882039546966553,1.721475947293948,128,9,50,"OrderedDict([('min_node_size', 128), ('num_features', 9), ('num_trees', 50)])",-0.020254675381524413,-0.01897046981729233,-0.022092223327352913,-0.02007612810886214,-0.018546449574581996,-0.01998798924192276,0.0012345098975078508,47,DRF,9.0,1.0,0.9,dummyID
96.56342310905457,18.56485481395988,13.278385543823243,0.7595891793115471,8,9,100,"OrderedDict([('min_node_size', 8), ('num_features', 9), ('num_trees', 100)])",-0.01981118626907947,-0.018744146855069036,-0.02157475220040166,-0.019749541596784204,-0.018310078970624668,-0.019637941178391807,0.0011274565876371306,8,DRF,9.0,1.0,0.9,dummyID
97.50325655937195,18.506016560593167,14.663330507278442,2.326544309799913,32,9,250,"OrderedDict([('min_node_size', 32), ('num_features', 9), ('num_trees', 250)])",-0.019942173355213887,-0.018616390749324578,-0.021736890775862844,-0.019854738722781453,-0.01832156348143047,-0.019694351416922645,0.0012087723317912478,19,DRF,9.0,1.0,0.9,dummyID
172.7936782836914,30.15744312594798,16.081024503707887,0.852688741251039,16,82,500,"OrderedDict([('min_node_size', 16), ('num_features', 82), ('num_trees', 500)])",-0.019958421795825035,-0.018672812601384654,-0.0217172448477737,-0.019828202829170537,-0.018373917171892015,-0.01971011984920919,0.0011803043783678215,22,DRF,9.0,1.0,0.9,dummyID
103.63369922637939,18.17485008336064,13.898791646957397,1.892037546562351,1,9,100,"OrderedDict([('min_node_size', 1), ('num_features', 9), ('num_trees', 100)])",-0.02003699716067827,-0.01871810325348826,-0.021618141005993012,-0.019885884265791853,-0.018374709623879975,-0.019726767061966275,0.0011440558018961523,27,DRF,9.0,1.0,0.9,dummyID
194.57252969741822,32.249954627842136,16.36364722251892,1.1888598237161554,4,82,500,"OrderedDict([('min_node_size', 4), ('num_features', 82), ('num_trees', 500)])",-0.01989513943741846,-0.01867031752219325,-0.021609920484044892,-0.019800574630266184,-0.01833538380054255,-0.019662267174893066,0.001149895252458644,13,DRF,9.0,1.0,0.9,dummyID
119.8964201450348,22.33146547595632,17.01771750450134,1.5709110730739453,8,9,500,"OrderedDict([('min_node_size', 8), ('num_features', 9), ('num_trees', 500)])",-0.04221164581760203,-0.03928848505522069,-0.04359528510267358,-0.041934533253664405,-0.03819785409828329,-0.0410455606654888,0.0019923789269708854,3,DRF,7.5,2.5,0.75,dummyID
110.09071817398072,21.03960434774588,15.906549453735352,2.0808439253166275,4,9,100,"OrderedDict([('min_node_size', 4), ('num_features', 9), ('num_trees', 100)])",-0.042278316227454565,-0.03917442385857665,-0.04378410970775792,-0.041944925718332575,-0.03843990967051533,-0.04112433703652741,0.00200438200477678,12,DRF,7.5,2.5,0.75,dummyID
111.39563369750977,22.346497839489473,15.3991370677948,1.331992727253982,4,9,100,"OrderedDict([('min_node_size', 4), ('num_features', 9), ('num_trees', 100)])",-0.042278316227454565,-0.03917442385857665,-0.04378410970775792,-0.041944925718332575,-0.03843990967051533,-0.04112433703652741,0.00200438200477678,12,DRF,7.5,2.5,0.75,dummyID
108.49220595359802,21.12796807198187,15.144257497787475,1.0323529058087744,32,9,50,"OrderedDict([('min_node_size', 32), ('num_features', 9), ('num_trees', 50)])",-0.0425934495571757,-0.03992232709778861,-0.0438426582691099,-0.042398354516305095,-0.038600335856068105,-0.04147142505928948,0.0019174849065729741,36,DRF,7.5,2.5,0.75,dummyID
102.89464645385742,15.259760113005642,13.3913498878479,0.5076026333215682,2,9,50,"OrderedDict([('min_node_size', 2), ('num_features', 9), ('num_trees', 50)])",-0.04226830291918683,-0.039644929954299316,-0.043895565833504,-0.04237022197033284,-0.039069955813937234,-0.041449795298252046,0.0018121869868321027,34,DRF,7.5,2.5,0.75,dummyID
111.061852312088,25.199031539794095,17.127709245681764,2.356311781073297,8,9,50,"OrderedDict([('min_node_size', 8), ('num_features', 9), ('num_trees', 50)])",-0.04224833965370104,-0.03976510834095595,-0.04370856480012063,-0.04202285712313908,-0.03847805077866134,-0.04124458413931561,0.0018722708212422024,27,DRF,7.5,2.5,0.75,dummyID
172.99582266807556,26.082300945203293,16.282398080825807,0.9945623774581367,1,82,250,"OrderedDict([('min_node_size', 1), ('num_features', 82), ('num_trees', 250)])",-0.04229679962229068,-0.03930290769932402,-0.0437261831417657,-0.042100518992434444,-0.03810111229596456,-0.04110550435035588,0.0020761947015360167,7,DRF,7.5,2.5,0.75,dummyID
108.60153446197509,14.10619351993003,13.73340401649475,1.5533321093444694,16,82,50,"OrderedDict([('min_node_size', 16), ('num_features', 82), ('num_trees', 50)])",-0.04269235510231609,-0.03965719096814441,-0.04398298164777037,-0.04233659130128185,-0.039000318878186765,-0.041533887579539894,0.0018934308837117234,38,DRF,7.5,2.5,0.75,dummyID
107.33138585090637,20.61765708857707,13.489953994750977,1.1684393711832899,16,82,100,"OrderedDict([('min_node_size', 16), ('num_features', 82), ('num_trees', 100)])",-0.04252596934585639,-0.039587970799985044,-0.04372082723567824,-0.04221237243613281,-0.03829248741421072,-0.04126792544637263,0.002008325713355719,29,DRF,7.5,2.5,0.75,dummyID
103.1317626953125,19.563071171640306,16.43718090057373,2.270575597904214,32,9,500,"OrderedDict([('min_node_size', 32), ('num_features', 9), ('num_trees', 500)])",-0.04270815881176816,-0.03982705055279252,-0.04391645717421553,-0.04226051434971108,-0.03853068640306151,-0.041448573458309754,0.001973811273111578,33,DRF,7.5,2.5,0.75,dummyID
172.6184006690979,29.348700951981805,15.294223642349243,1.0581012997873638,8,82,500,"OrderedDict([('min_node_size', 8), ('num_features', 82), ('num_trees', 500)])",-0.04246204456840179,-0.03950869440037876,-0.04383462295662023,-0.042042414040947794,-0.03830328157672566,-0.04123021150861485,0.002024380626826486,25,DRF,7.5,2.5,0.75,dummyID
96.04877433776855,14.999612407737162,12.872990131378174,1.8621025513818823,4,9,50,"OrderedDict([('min_node_size', 4), ('num_features', 9), ('num_trees', 50)])",-0.042224943659792104,-0.03939108948991707,-0.043518782891324236,-0.0420130306319392,-0.03893126854813068,-0.041215823044220654,0.0017610411807714777,22,DRF,7.5,2.5,0.75,dummyID
98.51595377922058,19.66009779489284,13.375709342956544,1.767591462679827,4,9,250,"OrderedDict([('min_node_size', 4), ('num_features', 9), ('num_trees', 250)])",-0.04213070120660907,-0.039228693487383844,-0.04349130617997193,-0.04193385198146598,-0.03832202261515899,-0.041021315094117966,0.0019320449887852752,1,DRF,7.5,2.5,0.75,dummyID
110.16710338592529,21.93067603515832,14.016342878341675,1.201685208379292,8,82,100,"OrderedDict([('min_node_size', 8), ('num_features', 82), ('num_trees', 100)])",-0.04234250601973815,-0.03949809517138143,-0.043690804371153795,-0.042192431854715155,-0.03848725714072969,-0.04124221891154365,0.0019360211305916963,26,DRF,7.5,2.5,0.75,dummyID
139.23126826286315,25.109278257561176,19.387760066986083,1.9297199247975756,128,82,500,"OrderedDict([('min_node_size', 128), ('num_features', 82), ('num_trees', 500)])",-0.04379690255051384,-0.0409849625479837,-0.04464519489866285,-0.04302285900048233,-0.03946922870989208,-0.04238382954150696,0.0018958182470894132,48,DRF,7.5,2.5,0.75,dummyID
122.09698481559754,23.461876608525856,17.896800088882447,1.2697954900815767,64,82,250,"OrderedDict([('min_node_size', 64), ('num_features', 82), ('num_trees', 250)])",-0.04321559284242793,-0.040395677202673654,-0.044102639061824565,-0.042848980046166336,-0.038965169728616585,-0.04190561177634181,0.0019161954405519563,43,DRF,7.5,2.5,0.75,dummyID
109.90699558258056,23.38805575749648,17.655137491226196,2.0770178915464896,128,9,50,"OrderedDict([('min_node_size', 128), ('num_features', 9), ('num_trees', 50)])",-0.043659948959378025,-0.040801654721609994,-0.04442827165298349,-0.043145761774198536,-0.03952904858197895,-0.0423129371380298,0.001844813696084589,46,DRF,7.5,2.5,0.75,dummyID
134.31433200836182,21.57037653424797,19.31989107131958,0.796465806646611,128,82,250,"OrderedDict([('min_node_size', 128), ('num_features', 82), ('num_trees', 250)])",-0.043788309558872786,-0.04112339930701465,-0.04462289918161608,-0.043073900567866454,-0.039443226828152676,-0.042410347088704524,0.0018811968417005794,50,DRF,7.5,2.5,0.75,dummyID
141.41482791900634,20.301569583152983,13.769142150878906,1.2568138861023483,8,82,250,"OrderedDict([('min_node_size', 8), ('num_features', 82), ('num_trees', 250)])",-0.04237827200827841,-0.03949239448746258,-0.04375111602941937,-0.04195595686535976,-0.0383855885682802,-0.04119266559176006,0.0019649197453870514,21,DRF,7.5,2.5,0.75,dummyID
104.11042313575744,17.772535756754436,15.213573312759399,0.7530957666845015,128,82,100,"OrderedDict([('min_node_size', 128), ('num_features', 82), ('num_trees', 100)])",-0.043880745751904836,-0.04097647591354126,-0.04478746581766041,-0.042839675894885076,-0.039466254006671045,-0.04239012347693253,0.00193487542515721,49,DRF,7.5,2.5,0.75,dummyID
185.31522917747498,32.65254201053514,15.035304498672485,1.0504128232649765,1,82,500,"OrderedDict([('min_node_size', 1), ('num_features', 82), ('num_trees', 500)])",-0.042336942180574155,-0.03936697700582456,-0.043831011605497974,-0.04199096663496719,-0.03818126612410864,-0.041141432710194506,0.0020637860684343825,17,DRF,7.5,2.5,0.75,dummyID
104.66682209968567,17.12392716985561,12.328146028518677,1.2171053511009953,8,82,50,"OrderedDict([('min_node_size', 8), ('num_features', 82), ('num_trees', 50)])",-0.04219413064224193,-0.039413112993398294,-0.043999516612780586,-0.042257493569337515,-0.038610215949707066,-0.041294893953493075,0.0019899147689152407,30,DRF,7.5,2.5,0.75,dummyID
94.32629742622376,18.009451045927896,12.520925331115723,1.0239242307076297,1,9,50,"OrderedDict([('min_node_size', 1), ('num_features', 9), ('num_trees', 50)])",-0.04226830291918683,-0.039644929954299316,-0.043895565833504,-0.04237022197033284,-0.039069955813937234,-0.041449795298252046,0.0018121869868321027,34,DRF,7.5,2.5,0.75,dummyID
93.78255743980408,20.169803801412197,14.265746068954467,2.6289121946844114,64,9,50,"OrderedDict([('min_node_size', 64), ('num_features', 9), ('num_trees', 50)])",-0.04319091778077097,-0.04009922421063854,-0.04397566293251316,-0.04298185773696221,-0.0389455987356874,-0.04183865227931445,0.001954365577321732,41,DRF,7.5,2.5,0.75,dummyID
106.64198069572448,23.22031273651035,15.464712285995484,1.0730248935590356,16,9,250,"OrderedDict([('min_node_size', 16), ('num_features', 9), ('num_trees', 250)])",-0.04235321165004915,-0.039506440178929875,-0.04363998529817907,-0.04216363517167759,-0.03825760348429435,-0.041184175156626014,0.0019867867577610817,20,DRF,7.5,2.5,0.75,dummyID
149.65769634246826,23.568264487675652,14.470143032073974,1.1341992325171981,4,82,250,"OrderedDict([('min_node_size', 4), ('num_features', 82), ('num_trees', 250)])",-0.04220258862798094,-0.03930539827296542,-0.043748272510111416,-0.04209851971719761,-0.03817440610657107,-0.04110583704696529,0.0020496641299664123,9,DRF,7.5,2.5,0.75,dummyID
95.60332174301148,15.845352973026127,14.653657531738281,1.7418136240433146,128,9,100,"OrderedDict([('min_node_size', 128), ('num_features', 9), ('num_trees', 100)])",-0.04364706335715489,-0.040683282690533666,-0.04445259193529333,-0.04292351797451642,-0.03928286154910073,-0.04219786350131981,0.0019236291930324818,45,DRF,7.5,2.5,0.75,dummyID
100.2770103931427,19.614794826904706,16.61102476119995,1.4197287425826577,64,9,500,"OrderedDict([('min_node_size', 64), ('num_features', 9), ('num_trees', 500)])",-0.04302006744348314,-0.04031342527378025,-0.044089962428345286,-0.042488903675977144,-0.03885750730455455,-0.04175397322522808,0.0019007712184300875,40,DRF,7.5,2.5,0.75,dummyID
99.1748254776001,19.12015217992184,13.48979287147522,0.9258646473134218,64,82,50,"OrderedDict([('min_node_size', 64), ('num_features', 82), ('num_trees', 50)])",-0.04308873570689895,-0.04051213227999018,-0.044072591021635604,-0.04285931286521139,-0.039320873509856864,-0.041970729076718595,0.001766724808816826,44,DRF,7.5,2.5,0.75,dummyID
107.08506078720093,23.646011986001767,13.534624481201172,1.974516749816766,4,82,50,"OrderedDict([('min_node_size', 4), ('num_features', 82), ('num_trees', 50)])",-0.042207933076306194,-0.039474382904422387,-0.04402015823633699,-0.04227945051925003,-0.038242307569329975,-0.041244846461129116,0.0020904582195018406,28,DRF,7.5,2.5,0.75,dummyID
111.45850768089295,20.524537466567498,15.320667695999145,1.8395276059080936,8,9,250,"OrderedDict([('min_node_size', 8), ('num_features', 9), ('num_trees', 250)])",-0.04228180714182077,-0.03944256444220507,-0.0436415615900108,-0.04196888458814274,-0.03829859598645578,-0.04112668274972704,0.00195972248512224,15,DRF,7.5,2.5,0.75,dummyID
110.69262948036194,20.483948407186073,14.334178733825684,1.6300009039500571,32,82,50,"OrderedDict([('min_node_size', 32), ('num_features', 82), ('num_trees', 50)])",-0.042865994980147065,-0.03987902794851168,-0.04398267285878863,-0.042431208551086175,-0.038942078913179204,-0.041620196650342556,0.0018971046718359841,39,DRF,7.5,2.5,0.75,dummyID
137.56958589553832,26.143421191867766,16.612550830841066,1.510080644475355,32,82,250,"OrderedDict([('min_node_size', 32), ('num_features', 82), ('num_trees', 250)])",-0.0427445392882726,-0.039884751173523476,-0.04389372979040699,-0.0424015009615896,-0.03870165702714453,-0.041525235648187435,0.0019249983017524514,37,DRF,7.5,2.5,0.75,dummyID
112.50161075592041,21.68473118391021,16.894247150421144,1.1947429251775112,32,9,250,"OrderedDict([('min_node_size', 32), ('num_features', 9), ('num_trees', 250)])",-0.042765964114343545,-0.03965472079488411,-0.043840813869286094,-0.042311881792646514,-0.03848838859608957,-0.041412353833449975,0.0020088641614166244,32,DRF,7.5,2.5,0.75,dummyID
114.46184377670288,20.988136181644357,15.582382440567017,1.9186138402368742,1,9,250,"OrderedDict([('min_node_size', 1), ('num_features', 9), ('num_trees', 250)])",-0.042279800865393916,-0.039322556606093205,-0.04371502506238992,-0.04200934336232802,-0.03814534124735442,-0.041094413428711896,0.002046770569641644,5,DRF,7.5,2.5,0.75,dummyID
119.76239395141602,21.726256392277776,16.337787103652953,1.5298902045318332,4,9,500,"OrderedDict([('min_node_size', 4), ('num_features', 9), ('num_trees', 500)])",-0.04214852739255438,-0.03945659309635894,-0.04363963337267612,-0.041834363581829355,-0.03818333904222605,-0.04105249129712897,0.001963916965666315,4,DRF,7.5,2.5,0.75,dummyID
121.83296775817871,22.377233435016528,15.979984617233276,1.7083827634149167,2,9,500,"OrderedDict([('min_node_size', 2), ('num_features', 9), ('num_trees', 500)])",-0.042174149107598896,-0.039490637872929495,-0.043744925208079176,-0.042062439857687664,-0.03809924414483226,-0.0411142792382255,0.0020331885705219227,10,DRF,7.5,2.5,0.75,dummyID
107.8855161190033,19.488991428085946,15.415966463088989,2.0223917076743825,16,9,100,"OrderedDict([('min_node_size', 16), ('num_features', 9), ('num_trees', 100)])",-0.042431708376225154,-0.03964722463193666,-0.04364576717545406,-0.041983956155080326,-0.038423206442279985,-0.04122637255619523,0.0019095384835576556,23,DRF,7.5,2.5,0.75,dummyID
105.24543323516846,18.86760791800835,14.414114856719971,1.2413653527829147,2,9,100,"OrderedDict([('min_node_size', 2), ('num_features', 9), ('num_trees', 100)])",-0.04271762770577147,-0.039232544825240925,-0.04359225508111589,-0.04227801460022604,-0.03832600295284291,-0.04122928903303945,0.002064686095232033,24,DRF,7.5,2.5,0.75,dummyID
97.51502766609192,15.473920046728391,14.084891080856323,0.6485753469103093,128,9,50,"OrderedDict([('min_node_size', 128), ('num_features', 9), ('num_trees', 50)])",-0.043659948959378025,-0.040801654721609994,-0.04442827165298349,-0.043145761774198536,-0.03952904858197895,-0.0423129371380298,0.001844813696084589,46,DRF,7.5,2.5,0.75,dummyID
107.86114273071288,19.668424703198237,14.799299669265746,0.9645776799862675,1,9,500,"OrderedDict([('min_node_size', 1), ('num_features', 9), ('num_trees', 500)])",-0.042174149107598896,-0.039490637872929495,-0.043744925208079176,-0.042062439857687664,-0.03809924414483226,-0.0411142792382255,0.0020331885705219227,10,DRF,7.5,2.5,0.75,dummyID
100.40517940521241,17.858638676438392,13.36321177482605,2.107590660571632,2,9,250,"OrderedDict([('min_node_size', 2), ('num_features', 9), ('num_trees', 250)])",-0.042279800865393916,-0.039322556606093205,-0.04371502506238992,-0.04200934336232802,-0.03814534124735442,-0.041094413428711896,0.002046770569641644,5,DRF,7.5,2.5,0.75,dummyID
143.61221990585327,27.162371022910293,14.557991123199463,1.8717738582628722,2,82,250,"OrderedDict([('min_node_size', 2), ('num_features', 82), ('num_trees', 250)])",-0.04229679962229068,-0.03930290769932402,-0.0437261831417657,-0.042100518992434444,-0.03810111229596456,-0.04110550435035588,0.0020761947015360167,7,DRF,7.5,2.5,0.75,dummyID
110.49527182579041,20.062059952385074,14.140923023223877,2.176653143580831,2,82,50,"OrderedDict([('min_node_size', 2), ('num_features', 82), ('num_trees', 50)])",-0.0421986916354105,-0.03957057343583242,-0.0435590538700377,-0.04201586968004565,-0.0385503865636058,-0.04117891503698641,0.0018385550245345272,19,DRF,7.5,2.5,0.75,dummyID
188.01150789260865,31.673498033186657,15.104476594924927,1.0435115473067926,2,82,500,"OrderedDict([('min_node_size', 2), ('num_features', 82), ('num_trees', 500)])",-0.042336942180574155,-0.03936697700582456,-0.043831011605497974,-0.04199096663496719,-0.03818126612410864,-0.041141432710194506,0.0020637860684343825,17,DRF,7.5,2.5,0.75,dummyID
90.47488508224487,17.587575950907222,13.623670816421509,1.148780612413427,64,9,100,"OrderedDict([('min_node_size', 64), ('num_features', 9), ('num_trees', 100)])",-0.04335473081523739,-0.04026092922143189,-0.044093647823920515,-0.04267376419538554,-0.03895017659692405,-0.04186664973057988,0.001944710439854303,42,DRF,7.5,2.5,0.75,dummyID
109.81629590988159,21.30207440866305,12.653547477722167,1.3022681755646017,4,82,100,"OrderedDict([('min_node_size', 4), ('num_features', 82), ('num_trees', 100)])",-0.042302676539582355,-0.03931155825099482,-0.04374133797534733,-0.04215425531504868,-0.038113436418053794,-0.041124652899805395,0.002080845910654131,14,DRF,7.5,2.5,0.75,dummyID
97.70239515304566,17.180220480149476,13.448810958862305,1.7228078898460024,8,9,100,"OrderedDict([('min_node_size', 8), ('num_features', 9), ('num_trees', 100)])",-0.042124367429950425,-0.03939894093921907,-0.04337424993537756,-0.041847921190250346,-0.03836767617375791,-0.04102263113371106,0.001849875304948661,2,DRF,7.5,2.5,0.75,dummyID
110.61430587768555,21.093338143367006,13.17052402496338,1.4212320963720386,1,82,100,"OrderedDict([('min_node_size', 1), ('num_features', 82), ('num_trees', 100)])",-0.04231464578697283,-0.03934625642909746,-0.04372064569526277,-0.04216284742245366,-0.038136634335427036,-0.04113620593384275,0.0020651097364329752,16,DRF,7.5,2.5,0.75,dummyID
95.91380319595336,17.889040558394985,13.207873201370239,1.2131304554184632,32,9,100,"OrderedDict([('min_node_size', 32), ('num_features', 9), ('num_trees', 100)])",-0.042757100394016395,-0.03960966936982638,-0.0437405034583446,-0.04229251895138556,-0.03856169874359948,-0.041392298183434484,0.0019686141924752792,31,DRF,7.5,2.5,0.75,dummyID
102.97583541870117,19.68740710537697,15.051205921173096,0.9763527234724914,8,9,500,"OrderedDict([('min_node_size', 8), ('num_features', 9), ('num_trees', 500)])",-0.07946469600063782,-0.07374939057133408,-0.0803014234275632,-0.07893617936715361,-0.0714538662253121,-0.07678111111840015,0.0035159469096515154,4,DRF,5.0,5.0,0.5,dummyID
94.7004590511322,16.39083087367348,13.098872995376587,1.8445466925358676,4,9,100,"OrderedDict([('min_node_size', 4), ('num_features', 9), ('num_trees', 100)])",-0.07953453063727045,-0.0733796192877335,-0.08043811208005057,-0.07891867193093702,-0.07199921652685656,-0.07685403009256964,0.0034622021310852856,11,DRF,5.0,5.0,0.5,dummyID
93.84164299964905,18.498703711388355,12.585860633850098,1.1572061822509292,4,9,100,"OrderedDict([('min_node_size', 4), ('num_features', 9), ('num_trees', 100)])",-0.07953453063727045,-0.0733796192877335,-0.08043811208005057,-0.07891867193093702,-0.07199921652685656,-0.07685403009256964,0.0034622021310852856,11,DRF,5.0,5.0,0.5,dummyID
91.48402333259583,17.926720227979697,12.836266136169433,0.9840026320635805,32,9,50,"OrderedDict([('min_node_size', 32), ('num_features', 9), ('num_trees', 50)])",-0.08029818365294893,-0.07516015280299984,-0.08058403831677244,-0.07976766166675013,-0.07233599125585777,-0.07762920553906581,0.0033027810823019936,34,DRF,5.0,5.0,0.5,dummyID
91.61069717407227,17.18177315569876,12.356646823883057,1.2239043131589475,2,9,50,"OrderedDict([('min_node_size', 2), ('num_features', 9), ('num_trees', 50)])",-0.07907211656806963,-0.07432854390020573,-0.0805037768951977,-0.07961326432777373,-0.07300577293908637,-0.07730469492606663,0.003033994151847152,29,DRF,5.0,5.0,0.5,dummyID
118.77636756896973,21.955930616725084,16.78048930168152,1.096949396973782,64,82,250,"OrderedDict([('min_node_size', 64), ('num_features', 82), ('num_trees', 250)])",-0.08173661564138195,-0.07628512154378256,-0.08114295863276104,-0.08095914593355671,-0.07317274476856997,-0.07865931730401043,0.003366503667809732,44,DRF,5.0,5.0,0.5,dummyID
168.5460346698761,27.894629059100435,15.724716567993164,1.0954589791688052,16,82,500,"OrderedDict([('min_node_size', 16), ('num_features', 82), ('num_trees', 500)])",-0.08036411813582578,-0.07450119973218047,-0.08095736099681188,-0.07966139678315338,-0.07220908027586136,-0.07753863118476657,0.0035158875563316696,31,DRF,5.0,5.0,0.5,dummyID
105.35479025840759,17.263302193953923,13.568793201446534,0.7580164556646726,1,9,250,"OrderedDict([('min_node_size', 1), ('num_features', 9), ('num_trees', 250)])",-0.07960207952417514,-0.07375333170392281,-0.08047807502993792,-0.07899953991585539,-0.07139171836404697,-0.07684494890758764,0.0035983178671634233,8,DRF,5.0,5.0,0.5,dummyID
104.9563437461853,19.411322256553024,13.443159770965575,1.568599483535501,32,82,100,"OrderedDict([('min_node_size', 32), ('num_features', 82), ('num_trees', 100)])",-0.08102203760075101,-0.07478871369660309,-0.08071544873624627,-0.08005191078834815,-0.07208579271726304,-0.07773278070784231,0.0036235310882599364,37,DRF,5.0,5.0,0.5,dummyID
101.79953727722167,18.074506059382717,15.32749147415161,0.921835760773436,32,9,500,"OrderedDict([('min_node_size', 32), ('num_features', 9), ('num_trees', 500)])",-0.0806346926335779,-0.07500240566049576,-0.08083043853731835,-0.07960520901630029,-0.07221309314258946,-0.07765716779805636,0.003447198189257577,35,DRF,5.0,5.0,0.5,dummyID
102.67521514892579,19.492690073104214,15.288888216018677,0.8931275598764435,16,9,500,"OrderedDict([('min_node_size', 16), ('num_features', 9), ('num_trees', 500)])",-0.07991136628693321,-0.07466085467928586,-0.08036092012075562,-0.07935268178607634,-0.07179004324400448,-0.07721517322341112,0.0033967838303820023,27,DRF,5.0,5.0,0.5,dummyID
143.82924571037293,26.279021409659414,14.559135103225708,1.1007442856468672,1,82,250,"OrderedDict([('min_node_size', 1), ('num_features', 82), ('num_trees', 250)])",-0.07947812794552733,-0.07358295464495154,-0.0807204805257899,-0.07930057667638903,-0.07118775263495981,-0.07685397848552353,0.0037583920359258783,9,DRF,5.0,5.0,0.5,dummyID
106.06120681762695,17.153311843242438,16.984656715393065,1.2395748285082533,64,9,500,"OrderedDict([('min_node_size', 64), ('num_features', 9), ('num_trees', 500)])",-0.08134099349569053,-0.0761242894266629,-0.08112337815571821,-0.08014740780282999,-0.07288275380697479,-0.07832376453757528,0.003307853391234932,39,DRF,5.0,5.0,0.5,dummyID
108.24933433532715,21.07148832110481,12.95403070449829,1.2541750346113993,8,82,100,"OrderedDict([('min_node_size', 8), ('num_features', 82), ('num_trees', 100)])",-0.07974101000923262,-0.07413639857440242,-0.08029435007973137,-0.0793657289933024,-0.07209689647938744,-0.07712687682721124,0.0033503044816972343,25,DRF,5.0,5.0,0.5,dummyID
95.65204215049744,17.937270137961676,12.66204833984375,1.1444665257505688,2,9,100,"OrderedDict([('min_node_size', 2), ('num_features', 9), ('num_trees', 100)])",-0.08051867861426015,-0.07342328077816201,-0.08021577853965399,-0.079598231824283,-0.07157815850111446,-0.07706682565149472,0.003785237025912171,20,DRF,5.0,5.0,0.5,dummyID
91.93978137969971,17.67893640158023,14.670326089859008,1.2795721406048302,128,9,100,"OrderedDict([('min_node_size', 128), ('num_features', 9), ('num_trees', 100)])",-0.08275294665733651,-0.07694187243872734,-0.08172347360936952,-0.08105843425917525,-0.07392316299592638,-0.079279977992107,0.0033273801513254197,46,DRF,5.0,5.0,0.5,dummyID
94.71084384918213,18.848164622163402,13.05666012763977,1.8138977293936824,1,9,100,"OrderedDict([('min_node_size', 1), ('num_features', 9), ('num_trees', 100)])",-0.08051867861426015,-0.07342328077816201,-0.08021577853965399,-0.079598231824283,-0.07157815850111446,-0.07706682565149472,0.003785237025912171,20,DRF,5.0,5.0,0.5,dummyID
117.43597064018249,22.29434468335913,16.728763771057128,1.1323142590203104,128,82,250,"OrderedDict([('min_node_size', 128), ('num_features', 82), ('num_trees', 250)])",-0.0830173288015713,-0.07782883456890591,-0.08210238926580721,-0.08147612399549738,-0.07424927219211462,-0.07973478976477928,0.0032599510142666626,50,DRF,5.0,5.0,0.5,dummyID
97.29335203170777,16.834997415295053,13.675303173065185,0.8627779940034928,8,9,50,"OrderedDict([('min_node_size', 8), ('num_features', 9), ('num_trees', 50)])",-0.0793639675957862,-0.0746338593839825,-0.08063096847547752,-0.07902450631395426,-0.07196662111094512,-0.07712398457602912,0.003278034907049185,24,DRF,5.0,5.0,0.5,dummyID
101.5457435131073,19.402153650004372,14.439412260055542,1.5011698608015842,128,82,100,"OrderedDict([('min_node_size', 128), ('num_features', 82), ('num_trees', 100)])",-0.08319309480576828,-0.07743287652675927,-0.08240735678181557,-0.08086501873378778,-0.07431115425482099,-0.07964190022059038,0.003318173898475497,49,DRF,5.0,5.0,0.5,dummyID
183.0474744796753,29.074320644722064,15.02687406539917,1.021719894520429,1,82,500,"OrderedDict([('min_node_size', 1), ('num_features', 82), ('num_trees', 500)])",-0.07976474737198061,-0.07398869837856138,-0.08085781106580496,-0.07906174222499072,-0.07132810367252594,-0.07700022054277274,0.003688242411076788,17,DRF,5.0,5.0,0.5,dummyID
96.0515820980072,15.968326540872273,12.402942180633545,1.4703503630820378,1,9,50,"OrderedDict([('min_node_size', 1), ('num_features', 9), ('num_trees', 50)])",-0.07907211656806963,-0.07432854390020573,-0.0805037768951977,-0.07961326432777373,-0.07300577293908637,-0.07730469492606663,0.003033994151847152,29,DRF,5.0,5.0,0.5,dummyID
107.2354432106018,21.320308007043074,13.730233907699585,1.7782982418363327,4,9,500,"OrderedDict([('min_node_size', 4), ('num_features', 9), ('num_trees', 500)])",-0.07934904032457656,-0.07411788514024813,-0.08046331881351225,-0.07866747699928278,-0.07146575076251985,-0.07681269440802792,0.003436630063218439,6,DRF,5.0,5.0,0.5,dummyID
103.69685325622558,19.19682570528758,14.060215473175049,2.2927170604677674,1,82,50,"OrderedDict([('min_node_size', 1), ('num_features', 82), ('num_trees', 50)])",-0.07909742817600232,-0.0738321573044694,-0.07999723645487217,-0.07888082346817218,-0.071905298637656,-0.07674258880823441,0.003242839340614819,3,DRF,5.0,5.0,0.5,dummyID
148.55584831237792,27.551574210377773,17.553827953338622,1.388676214795182,64,82,500,"OrderedDict([('min_node_size', 64), ('num_features', 82), ('num_trees', 500)])",-0.08173413569726876,-0.07627241650708583,-0.08130723672513507,-0.08051915134011861,-0.07318841232300605,-0.07860427051852287,0.003332804045746779,42,DRF,5.0,5.0,0.5,dummyID
100.98823533058166,19.046492511265086,13.487395668029786,1.1345369905666662,4,82,50,"OrderedDict([('min_node_size', 4), ('num_features', 82), ('num_trees', 50)])",-0.07899916705678722,-0.07380949470050964,-0.08109788379768446,-0.0794729244931347,-0.07101535428180124,-0.07687896486598345,0.003816457441374459,13,DRF,5.0,5.0,0.5,dummyID
93.5181607246399,16.264342997690555,12.979745435714722,1.3173247367218388,64,9,50,"OrderedDict([('min_node_size', 64), ('num_features', 9), ('num_trees', 50)])",-0.08165469993049437,-0.07545842966624507,-0.0807927353764624,-0.08122545057763832,-0.07309497106409409,-0.07844525732298685,0.0034953498279519284,40,DRF,5.0,5.0,0.5,dummyID
91.9232415676117,18.08953137473329,13.95307765007019,1.261463672642075,128,9,50,"OrderedDict([('min_node_size', 128), ('num_features', 9), ('num_trees', 50)])",-0.0826687382558007,-0.07718696289547278,-0.0816550188623678,-0.08159515121642584,-0.07450004692764053,-0.07952118363154152,0.003143949576316919,48,DRF,5.0,5.0,0.5,dummyID
98.1792070388794,19.432799232126516,12.99822931289673,1.195858101745535,64,82,50,"OrderedDict([('min_node_size', 64), ('num_features', 82), ('num_trees', 50)])",-0.08139682936731879,-0.0765124592745855,-0.08097021638413808,-0.08084651750364502,-0.07401279962209852,-0.07874776443035718,0.0029589891201086426,45,DRF,5.0,5.0,0.5,dummyID
100.2411298751831,18.706053036135994,12.828736639022827,0.9735093924378255,16,82,50,"OrderedDict([('min_node_size', 16), ('num_features', 82), ('num_trees', 50)])",-0.08037746178138395,-0.07451574688799785,-0.08088926508291268,-0.07963795825354458,-0.07315505104063212,-0.07771509660929424,0.003221514703950083,36,DRF,5.0,5.0,0.5,dummyID
96.54325060844421,18.65349009338921,13.556610774993896,1.0771015726704256,8,9,250,"OrderedDict([('min_node_size', 8), ('num_features', 9), ('num_trees', 250)])",-0.0795639773202773,-0.07408543939646027,-0.08044324827540843,-0.07897234011302573,-0.07170381546534724,-0.07695376411410379,0.00343084856143572,16,DRF,5.0,5.0,0.5,dummyID
100.56751384735108,18.608908492045373,13.009879112243652,1.6695525288701605,32,82,50,"OrderedDict([('min_node_size', 32), ('num_features', 82), ('num_trees', 50)])",-0.08088312840696806,-0.07517665099866679,-0.08080596007988947,-0.0800311070540407,-0.07311084271593235,-0.07800153785109946,0.003230677450712911,38,DRF,5.0,5.0,0.5,dummyID
103.14513444900513,19.172721125651822,12.67201042175293,1.3252969974319386,8,82,50,"OrderedDict([('min_node_size', 8), ('num_features', 82), ('num_trees', 50)])",-0.07939000372966305,-0.07379689274070678,-0.08072672355134952,-0.07947104780033414,-0.07199046339591397,-0.0770750262435935,0.003493819454511026,23,DRF,5.0,5.0,0.5,dummyID
98.0295991897583,18.8613447638079,15.058323097229003,1.8857648448645885,32,9,250,"OrderedDict([('min_node_size', 32), ('num_features', 9), ('num_trees', 250)])",-0.08080561537955964,-0.07471860420414997,-0.08068068569165818,-0.07974045357575492,-0.07209976378718806,-0.07760902452766215,0.0035469076311906173,32,DRF,5.0,5.0,0.5,dummyID
137.7303656578064,25.01705233492857,13.653380393981934,1.4232181331673293,4,82,250,"OrderedDict([('min_node_size', 4), ('num_features', 82), ('num_trees', 250)])",-0.07949961624319629,-0.07371661716173865,-0.0806807444282587,-0.07925891521472328,-0.0713840451023438,-0.07690798763005215,0.003665402563176311,14,DRF,5.0,5.0,0.5,dummyID
92.52146940231323,17.491244804135015,12.552995204925537,1.1816227341320882,4,9,50,"OrderedDict([('min_node_size', 4), ('num_features', 9), ('num_trees', 50)])",-0.07910327084438111,-0.07366872985111246,-0.07976780316094877,-0.07884570670649026,-0.07269952902964785,-0.07681700791851609,0.002997168553526691,7,DRF,5.0,5.0,0.5,dummyID
103.7755826473236,20.45598389998107,14.221780681610108,1.5358419279270812,16,9,500,"OrderedDict([('min_node_size', 16), ('num_features', 9), ('num_trees', 500)])",-0.07991136628693321,-0.07466085467928586,-0.08036092012075562,-0.07935268178607634,-0.07179004324400448,-0.07721517322341112,0.0033967838303820023,27,DRF,5.0,5.0,0.5,dummyID
100.62954897880554,18.35218075787318,13.699244785308839,1.2804288191173165,16,9,250,"OrderedDict([('min_node_size', 16), ('num_features', 9), ('num_trees', 250)])",-0.07983611323523544,-0.07431204523737178,-0.08028262836228028,-0.07932861234217364,-0.07156553708919773,-0.07706498725325177,0.003492248384850171,19,DRF,5.0,5.0,0.5,dummyID
105.16854691505432,20.645836610893703,14.35981822013855,1.5337269704811893,8,9,500,"OrderedDict([('min_node_size', 8), ('num_features', 9), ('num_trees', 500)])",-0.07946469600063782,-0.07374939057133408,-0.0803014234275632,-0.07893617936715361,-0.0714538662253121,-0.07678111111840015,0.0035159469096515154,4,DRF,5.0,5.0,0.5,dummyID
95.66410441398621,18.3142548852543,12.688063859939575,1.196909652738687,1,9,100,"OrderedDict([('min_node_size', 1), ('num_features', 9), ('num_trees', 100)])",-0.08051867861426015,-0.07342328077816201,-0.08021577853965399,-0.079598231824283,-0.07157815850111446,-0.07706682565149472,0.003785237025912171,20,DRF,5.0,5.0,0.5,dummyID
97.36858711242675,18.664290409282874,13.495183515548707,1.0930115750302818,4,9,250,"OrderedDict([('min_node_size', 4), ('num_features', 9), ('num_trees', 250)])",-0.07926478173520571,-0.07361700841160351,-0.08009113324323446,-0.07877957016819546,-0.07162865163871075,-0.07667622903938998,0.0033947927226826726,2,DRF,5.0,5.0,0.5,dummyID
94.59339399337769,17.13080194499358,12.611317205429078,1.3793865227785052,8,9,100,"OrderedDict([('min_node_size', 8), ('num_features', 9), ('num_trees', 100)])",-0.07931300269806867,-0.07382359774613578,-0.07970674616033738,-0.0786785538460272,-0.07179700484564662,-0.07666378105924312,0.0032276763544614217,1,DRF,5.0,5.0,0.5,dummyID
92.6901258468628,18.26767714488407,14.645538520812988,1.1859444712075102,128,9,100,"OrderedDict([('min_node_size', 128), ('num_features', 9), ('num_trees', 100)])",-0.08275294665733651,-0.07694187243872734,-0.08172347360936952,-0.08105843425917525,-0.07392316299592638,-0.079279977992107,0.0033273801513254197,46,DRF,5.0,5.0,0.5,dummyID
93.2958559036255,18.806183232741382,13.924708795547485,1.2759746304443653,64,9,100,"OrderedDict([('min_node_size', 64), ('num_features', 9), ('num_trees', 100)])",-0.0821124926851484,-0.07600213609969556,-0.0810277828694375,-0.08046491164012151,-0.0731832216294141,-0.07855810898476343,0.003399742355666984,41,DRF,5.0,5.0,0.5,dummyID
103.11842923164367,19.62013977561705,13.522682809829712,1.2788941563612148,64,82,100,"OrderedDict([('min_node_size', 64), ('num_features', 82), ('num_trees', 100)])",-0.08238565643808728,-0.07629194464849284,-0.08119382475400143,-0.08031961198842713,-0.07295033087973796,-0.07862827374174933,0.0035002305799517065,43,DRF,5.0,5.0,0.5,dummyID
93.34348254203796,17.676833191509623,12.849644422531128,1.179184737052439,16,9,100,"OrderedDict([('min_node_size', 16), ('num_features', 9), ('num_trees', 100)])",-0.07997961611023356,-0.07461150232053755,-0.08020557276607827,-0.0788907913956952,-0.07197547292000474,-0.07713259110250986,0.003273890424711872,26,DRF,5.0,5.0,0.5,dummyID
96.93258662223816,19.538996426388533,14.595384311676025,2.0925557273403173,32,9,250,"OrderedDict([('min_node_size', 32), ('num_features', 9), ('num_trees', 250)])",-0.08080561537955964,-0.07471860420414997,-0.08068068569165818,-0.07974045357575492,-0.07209976378718806,-0.07760902452766215,0.0035469076311906173,32,DRF,5.0,5.0,0.5,dummyID
182.82962441444397,33.01712455304374,15.365164756774902,1.296374661542939,4,82,500,"OrderedDict([('min_node_size', 4), ('num_features', 82), ('num_trees', 500)])",-0.07966341279732674,-0.07401881110885236,-0.08081245935302019,-0.07922377311979147,-0.0715520184422073,-0.07705409496423961,0.003609075778330876,18,DRF,5.0,5.0,0.5,dummyID
115.67172603607177,20.763905956061663,15.727835702896119,2.0110603300769068,1,9,500,"OrderedDict([('min_node_size', 1), ('num_features', 9), ('num_trees', 500)])",-0.07936678576261148,-0.07417691989152327,-0.0807880674397045,-0.07914843202514614,-0.07121583711978509,-0.07693920844775409,0.0036324849180728643,15,DRF,5.0,5.0,0.5,dummyID
143.93650875091552,25.544707230975586,14.463073015213013,1.7918824046458537,2,82,250,"OrderedDict([('min_node_size', 2), ('num_features', 82), ('num_trees', 250)])",-0.07947812794552733,-0.07358295464495154,-0.0807204805257899,-0.07930057667638903,-0.07118775263495981,-0.07685397848552353,0.0037583920359258783,9,DRF,5.0,5.0,0.5,dummyID
102.82387681007386,19.506530902853008,15.061962509155274,1.0104345151192298,8,9,500,"OrderedDict([('min_node_size', 8), ('num_features', 9), ('num_trees', 500)])",-0.11671774618367362,-0.10821029608744745,-0.11700756175245282,-0.11593782548064278,-0.1047098783523409,-0.1125166615713115,0.005079612323009078,8,DRF,2.5,7.5,0.25,dummyID
94.46815786361694,15.924495090404532,13.135705137252808,1.847803867329784,4,9,100,"OrderedDict([('min_node_size', 4), ('num_features', 9), ('num_trees', 100)])",-0.11679074504708634,-0.10758481471689033,-0.11709211445234319,-0.11589241814354145,-0.10555852338319778,-0.11258372314861183,0.004966177709747948,10,DRF,2.5,7.5,0.25,dummyID
93.68899745941162,18.3167152658811,12.74893765449524,1.2706797226406619,4,9,100,"OrderedDict([('min_node_size', 4), ('num_features', 9), ('num_trees', 100)])",-0.11679074504708634,-0.10758481471689033,-0.11709211445234319,-0.11589241814354145,-0.10555852338319778,-0.11258372314861183,0.004966177709747948,10,DRF,2.5,7.5,0.25,dummyID
91.71100053787231,18.24520574754141,12.811106395721435,0.9922943240105628,32,9,50,"OrderedDict([('min_node_size', 32), ('num_features', 9), ('num_trees', 50)])",-0.11800291774872217,-0.11039797850821106,-0.11732541836443496,-0.11713696881719518,-0.10607164665564743,-0.11378698601884214,0.004744023650046098,33,DRF,2.5,7.5,0.25,dummyID
91.40339374542236,17.03272453150704,12.328267574310303,1.2231114893444233,2,9,50,"OrderedDict([('min_node_size', 2), ('num_features', 9), ('num_trees', 50)])",-0.11587593021695244,-0.10901215784611216,-0.11711198795689141,-0.1168563066852146,-0.10694159006423552,-0.11315959455388122,0.004301869005601699,27,DRF,2.5,7.5,0.25,dummyID
118.92919926643371,22.27529598348975,16.763460206985474,1.1207278594868963,64,82,250,"OrderedDict([('min_node_size', 64), ('num_features', 82), ('num_trees', 250)])",-0.12025763844033599,-0.11217456588489146,-0.11818327820369753,-0.11906931182094709,-0.10738031980852336,-0.11541302283167906,0.004889273681218792,44,DRF,2.5,7.5,0.25,dummyID
169.13244633674623,28.499314520245974,16.310435342788697,1.5623098600923662,16,82,500,"OrderedDict([('min_node_size', 16), ('num_features', 82), ('num_trees', 500)])",-0.11811767834832623,-0.10939394168892787,-0.11798243358996074,-0.11705714300439264,-0.10585605721584221,-0.11368145076948995,0.00508317587347455,32,DRF,2.5,7.5,0.25,dummyID
164.40776066780091,27.85545524984048,17.386955070495606,1.1655688445326204,32,82,500,"OrderedDict([('min_node_size', 32), ('num_features', 82), ('num_trees', 500)])",-0.11887674967044942,-0.11090318812960516,-0.11813493064156597,-0.11734224916418923,-0.10621744163497893,-0.11429491184815774,0.004935069639001502,37,DRF,2.5,7.5,0.25,dummyID
118.31991291046143,20.82181435101287,13.705007314682007,0.7458123415113594,2,82,100,"OrderedDict([('min_node_size', 2), ('num_features', 82), ('num_trees', 100)])",-0.11688093513006266,-0.10804931180029324,-0.11689773064310621,-0.11630972342594063,-0.10390824023455943,-0.11240918824679244,0.005415391905499409,4,DRF,2.5,7.5,0.25,dummyID
95.70486240386963,16.16548908135763,12.510592889785766,1.1115853983992565,1,9,50,"OrderedDict([('min_node_size', 1), ('num_features', 9), ('num_trees', 50)])",-0.11587593021695244,-0.10901215784611216,-0.11711198795689141,-0.1168563066852146,-0.10694159006423552,-0.11315959455388122,0.004301869005601699,27,DRF,2.5,7.5,0.25,dummyID
100.00487089157104,19.520557405298426,15.869483184814452,1.2239524979876382,128,82,100,"OrderedDict([('min_node_size', 128), ('num_features', 82), ('num_trees', 100)])",-0.12250544385963173,-0.11388927713997725,-0.12002724774597075,-0.11889036157269049,-0.10915605450297093,-0.11689367696424824,0.004779020037939158,49,DRF,2.5,7.5,0.25,dummyID
111.29267511367797,20.59814150132503,13.110341596603394,1.6190055101087066,8,82,100,"OrderedDict([('min_node_size', 8), ('num_features', 82), ('num_trees', 100)])",-0.11713951399872706,-0.10877470197742344,-0.1168978957883089,-0.11653902613188966,-0.10570653581804522,-0.11301153474287887,0.004814581426997612,24,DRF,2.5,7.5,0.25,dummyID
107.52174501419067,18.45495951034841,14.057883310317994,1.2259693228210302,64,82,100,"OrderedDict([('min_node_size', 64), ('num_features', 82), ('num_trees', 100)])",-0.12126833816209627,-0.1121865689790591,-0.11821724437833002,-0.11803678074987824,-0.10705106908115532,-0.1153520002701038,0.005086180058521551,43,DRF,2.5,7.5,0.25,dummyID
98.19989013671875,18.72563335723695,14.515984916687012,1.1496131721913745,32,9,250,"OrderedDict([('min_node_size', 32), ('num_features', 9), ('num_trees', 250)])",-0.11884526664477575,-0.10978248761341586,-0.11752055751403026,-0.11716902535886332,-0.10571113897828655,-0.11380569522187434,0.005142324607178143,34,DRF,2.5,7.5,0.25,dummyID
102.18308892250062,18.255299344533757,12.446386098861694,1.0331922566423997,4,82,50,"OrderedDict([('min_node_size', 4), ('num_features', 82), ('num_trees', 50)])",-0.11579040103726825,-0.10814460649659689,-0.11817560935903194,-0.11666639846701934,-0.10378840099427249,-0.11251308327083778,0.005572409007145252,7,DRF,2.5,7.5,0.25,dummyID
92.91345815658569,17.946157714572937,13.703250646591187,1.1419480028168716,64,9,100,"OrderedDict([('min_node_size', 64), ('num_features', 9), ('num_trees', 100)])",-0.1208702545550594,-0.1117433429779592,-0.1179619179149545,-0.11825605908485749,-0.10741626666190414,-0.11524956823894694,0.004932386274680967,41,DRF,2.5,7.5,0.25,dummyID
100.023228931427,19.694739812336657,13.067562198638916,1.7716046389508264,32,82,50,"OrderedDict([('min_node_size', 32), ('num_features', 82), ('num_trees', 50)])",-0.11890026183378903,-0.11047427404882192,-0.11762924730099028,-0.11763100555699522,-0.10727960651868551,-0.1143828790518564,0.004630975135997115,39,DRF,2.5,7.5,0.25,dummyID
105.80264539718628,19.732477347771127,14.445359897613525,1.3178687900071013,16,9,500,"OrderedDict([('min_node_size', 16), ('num_features', 9), ('num_trees', 500)])",-0.117431705473826,-0.10965641019301493,-0.11707450166991426,-0.11657676904604132,-0.10523022597141264,-0.11319392247084184,0.004907052184413589,29,DRF,2.5,7.5,0.25,dummyID
102.83383269309998,19.213696526862087,13.298715209960937,0.6482326731111334,8,82,50,"OrderedDict([('min_node_size', 8), ('num_features', 82), ('num_trees', 50)])",-0.11658587681708418,-0.10818067248801524,-0.11745393048991842,-0.11668460203133076,-0.10537071084212088,-0.1128551585336939,0.005051720042839073,16,DRF,2.5,7.5,0.25,dummyID
98.56244993209839,18.397250186280825,13.030818271636964,1.0847584394477496,64,82,50,"OrderedDict([('min_node_size', 64), ('num_features', 82), ('num_trees', 50)])",-0.11970492302773865,-0.1125127862691808,-0.11786784174664057,-0.11883372214207864,-0.10870472573434017,-0.11552479978399577,0.004230789018602282,45,DRF,2.5,7.5,0.25,dummyID
98.41602516174316,18.35921783148116,19.164449882507324,1.1847414397615441,128,9,500,"OrderedDict([('min_node_size', 128), ('num_features', 9), ('num_trees', 500)])",-0.12156074541811492,-0.114202610176827,-0.11899241327227064,-0.11943559608566982,-0.1087443684589335,-0.11658714668236318,0.00460067039384766,46,DRF,2.5,7.5,0.25,dummyID
108.57033581733704,20.495802283574445,14.307796144485474,2.2748278585623516,4,9,500,"OrderedDict([('min_node_size', 4), ('num_features', 9), ('num_trees', 500)])",-0.11654955325659873,-0.10877917718413731,-0.11728700425434838,-0.1155005904167362,-0.10474816248281367,-0.11257289751892688,0.004944224332223637,9,DRF,2.5,7.5,0.25,dummyID
187.03459181785584,31.11526539061914,15.437952423095703,1.5743452220825187,2,82,500,"OrderedDict([('min_node_size', 2), ('num_features', 82), ('num_trees', 500)])",-0.11719255256338706,-0.1086104197512982,-0.11788461052611192,-0.11613251781501426,-0.10447494122094325,-0.11285900837535094,0.00534967725390996,17,DRF,2.5,7.5,0.25,dummyID
185.21230707168579,28.84649705118338,15.167087316513062,0.9802752917092853,4,82,500,"OrderedDict([('min_node_size', 4), ('num_features', 82), ('num_trees', 500)])",-0.11701858364726937,-0.10861161960051431,-0.11781404614612971,-0.11636327217574476,-0.10481241509324775,-0.11292398733258117,0.005232613000464162,21,DRF,2.5,7.5,0.25,dummyID
113.5382007598877,19.08439803362659,14.09080104827881,0.6362572032928248,1,9,500,"OrderedDict([('min_node_size', 1), ('num_features', 9), ('num_trees', 500)])",-0.11655942241762408,-0.10886320191011704,-0.11783120967132982,-0.1162344241926046,-0.10433243009473792,-0.11276413765728269,0.005261811208484115,14,DRF,2.5,7.5,0.25,dummyID
90.42896676063538,17.851746665592312,12.742317724227906,1.1430145948160566,4,9,50,"OrderedDict([('min_node_size', 4), ('num_features', 9), ('num_trees', 50)])",-0.11598159802897014,-0.10794637021230787,-0.11601682343057328,-0.1156783827810413,-0.10646778951116502,-0.11241819279281151,0.004282086746183587,6,DRF,2.5,7.5,0.25,dummyID
100.05607438087463,20.045119933942285,16.569838285446167,1.1270989287524071,64,9,500,"OrderedDict([('min_node_size', 64), ('num_features', 9), ('num_trees', 500)])",-0.11966191954789793,-0.11193515357954557,-0.11815679388309108,-0.11780591192968283,-0.10690800030939501,-0.11489355584992249,0.004783075873051261,40,DRF,2.5,7.5,0.25,dummyID
94.56726169586182,17.850007634837308,13.444409847259521,2.164167276229879,16,9,50,"OrderedDict([('min_node_size', 16), ('num_features', 9), ('num_trees', 50)])",-0.1167094216413899,-0.1098849660862705,-0.11728811505974457,-0.11640154483941745,-0.10647305270796546,-0.11335142006695757,0.004368185982605751,30,DRF,2.5,7.5,0.25,dummyID
149.31309728622438,29.30117155508577,17.84154028892517,1.3480186433621284,64,82,500,"OrderedDict([('min_node_size', 64), ('num_features', 82), ('num_trees', 500)])",-0.12026142872731062,-0.11214450123525502,-0.11840239456247725,-0.1183994226996743,-0.10739149122972835,-0.11531984769088913,0.004823831710960288,42,DRF,2.5,7.5,0.25,dummyID
113.2944848060608,19.28655322298922,14.060472202301025,0.6215771365605641,2,9,500,"OrderedDict([('min_node_size', 2), ('num_features', 9), ('num_trees', 500)])",-0.11655942241762408,-0.10886320191011704,-0.11783120967132982,-0.1162344241926046,-0.10433243009473792,-0.11276413765728269,0.005261811208484115,14,DRF,2.5,7.5,0.25,dummyID
152.76381306648256,25.600610998090772,16.63306427001953,1.101125717948623,32,82,500,"OrderedDict([('min_node_size', 32), ('num_features', 82), ('num_trees', 500)])",-0.11887674967044942,-0.11090318812960516,-0.11813493064156597,-0.11734224916418923,-0.10621744163497893,-0.11429491184815774,0.004935069639001502,37,DRF,2.5,7.5,0.25,dummyID
114.84156608581543,19.122553695615224,13.501189422607421,2.2042635370600667,1,82,100,"OrderedDict([('min_node_size', 1), ('num_features', 82), ('num_trees', 100)])",-0.11688093513006266,-0.10804931180029324,-0.11689773064310621,-0.11630972342594063,-0.10390824023455943,-0.11240918824679244,0.005415391905499409,4,DRF,2.5,7.5,0.25,dummyID
142.09021825790404,25.21401034800959,14.07300910949707,1.364739401537411,4,82,250,"OrderedDict([('min_node_size', 4), ('num_features', 82), ('num_trees', 250)])",-0.11679664385841164,-0.10812783605051188,-0.117613216346406,-0.11641931071224895,-0.10459368409811652,-0.112710138213139,0.005317367482294264,13,DRF,2.5,7.5,0.25,dummyID
139.58666639328004,22.98586185714135,14.263536214828491,1.123385507148315,8,82,250,"OrderedDict([('min_node_size', 8), ('num_features', 82), ('num_trees', 250)])",-0.1171844890784273,-0.10894607732361446,-0.11746386556016551,-0.11597971083178116,-0.10531246415409723,-0.11297732138961714,0.004936489564033363,22,DRF,2.5,7.5,0.25,dummyID
119.57272787094116,19.483943635523413,17.878746938705444,1.3263317813274222,128,82,250,"OrderedDict([('min_node_size', 128), ('num_features', 82), ('num_trees', 250)])",-0.12224634804426981,-0.11453426983079715,-0.11958187934999834,-0.1198783474231283,-0.10905531755607656,-0.11705923244085403,0.004725577523639745,50,DRF,2.5,7.5,0.25,dummyID
90.9618661403656,17.093756546267258,13.68931679725647,1.2114237837628925,128,9,50,"OrderedDict([('min_node_size', 128), ('num_features', 9), ('num_trees', 50)])",-0.12167752755222337,-0.11357227106933555,-0.11888176607175209,-0.12004454065865315,-0.1094710452733021,-0.11672943012505325,0.004533386813088761,48,DRF,2.5,7.5,0.25,dummyID
96.65375065803528,18.950119305532258,13.555879306793212,1.486620109236002,128,82,50,"OrderedDict([('min_node_size', 128), ('num_features', 82), ('num_trees', 50)])",-0.12186101448808077,-0.11384419249306495,-0.11883488207786101,-0.11899549001827435,-0.1098808391254689,-0.11668328364055,0.004268916977936796,47,DRF,2.5,7.5,0.25,dummyID
94.58250923156739,18.198079907974904,13.826886987686157,2.1362331017253795,16,9,100,"OrderedDict([('min_node_size', 16), ('num_features', 9), ('num_trees', 100)])",-0.11752752384424199,-0.10957578000913845,-0.11676537835670248,-0.11579762663631007,-0.10552773939772951,-0.11303880964882451,0.004691602950705548,25,DRF,2.5,7.5,0.25,dummyID
177.8011306285858,35.82002586270531,15.760624217987061,1.2334107860976176,8,82,500,"OrderedDict([('min_node_size', 8), ('num_features', 82), ('num_trees', 500)])",-0.11756123440805821,-0.10905417795133636,-0.11777860172489038,-0.11616961449681487,-0.10506256534401469,-0.1131252387850229,0.00514160104675937,26,DRF,2.5,7.5,0.25,dummyID
101.7848530292511,18.40113339169439,13.34366807937622,0.7378901894582631,8,9,50,"OrderedDict([('min_node_size', 8), ('num_features', 9), ('num_trees', 50)])",-0.1164795955378714,-0.10950261042700907,-0.11755337215083439,-0.11602615550476945,-0.10545519144322889,-0.11300338501274265,0.004714959445896671,23,DRF,2.5,7.5,0.25,dummyID
91.36424264907836,17.472068027908048,13.08545970916748,1.2067546060413863,32,9,100,"OrderedDict([('min_node_size', 32), ('num_features', 9), ('num_trees', 100)])",-0.11871305357443698,-0.1093646907226063,-0.11696735117371919,-0.11704851229351104,-0.10606756382525404,-0.1136322343179055,0.004980860406922728,31,DRF,2.5,7.5,0.25,dummyID
94.02230529785156,18.46457784957775,13.402005767822265,2.1559085594629464,2,9,100,"OrderedDict([('min_node_size', 2), ('num_features', 9), ('num_trees', 100)])",-0.11831972952274881,-0.10761401673108313,-0.11683930199819212,-0.11691844904833996,-0.104830314049386,-0.11290436226995,0.005551591778951876,19,DRF,2.5,7.5,0.25,dummyID
188.87835202217101,34.06975367060688,15.438962078094482,1.3431892579118234,1,82,500,"OrderedDict([('min_node_size', 1), ('num_features', 82), ('num_trees', 500)])",-0.11719255256338706,-0.1086104197512982,-0.11788461052611192,-0.11613251781501426,-0.10447494122094325,-0.11285900837535094,0.00534967725390996,17,DRF,2.5,7.5,0.25,dummyID
112.17520308494568,19.388046588171562,14.355959415435791,1.0436858093745127,32,82,100,"OrderedDict([('min_node_size', 32), ('num_features', 82), ('num_trees', 100)])",-0.11915620520049272,-0.10981916507777605,-0.11759223742257192,-0.1176250525011166,-0.10567000869669757,-0.11397253377973096,0.005281969163091891,35,DRF,2.5,7.5,0.25,dummyID
96.2332218170166,16.815180159987616,12.753203964233398,1.26373897903118,1,9,100,"OrderedDict([('min_node_size', 1), ('num_features', 9), ('num_trees', 100)])",-0.11831972952274881,-0.10761401673108313,-0.11683930199819212,-0.11691844904833996,-0.104830314049386,-0.11290436226995,0.005551591778951876,19,DRF,2.5,7.5,0.25,dummyID
101.89573998451233,19.961122822507587,13.398099279403686,1.142368513873285,1,82,50,"OrderedDict([('min_node_size', 1), ('num_features', 82), ('num_trees', 50)])",-0.11599616471659416,-0.1080937411731064,-0.11643541903970664,-0.1157457772562987,-0.1052602107117062,-0.11230626257948242,0.004688022090158636,1,DRF,2.5,7.5,0.25,dummyID
143.75617136955262,25.927941741106718,14.793089151382446,1.0880667123880126,2,82,250,"OrderedDict([('min_node_size', 2), ('num_features', 82), ('num_trees', 250)])",-0.11665945626876398,-0.10786300159057903,-0.11771477790981404,-0.11650063436034362,-0.10427439297395506,-0.11260245262069116,0.005470099503374073,12,DRF,2.5,7.5,0.25,dummyID
104.62255201339721,16.536231103215993,13.902330780029297,1.3634344875885076,4,9,250,"OrderedDict([('min_node_size', 4), ('num_features', 9), ('num_trees', 250)])",-0.11639886226380235,-0.10800532333582319,-0.11669096030649696,-0.11562528835492496,-0.10493528066226253,-0.112331142984662,0.004895247410708782,3,DRF,2.5,7.5,0.25,dummyID
102.25150780677795,19.70694152908881,12.834042739868163,1.6033962056137003,2,82,50,"OrderedDict([('min_node_size', 2), ('num_features', 82), ('num_trees', 50)])",-0.11599616471659416,-0.1080937411731064,-0.11643541903970664,-0.1157457772562987,-0.1052602107117062,-0.11230626257948242,0.004688022090158636,1,DRF,2.5,7.5,0.25,dummyID
125.77331166267395,22.879455529540728,14.64845838546753,1.231258495125909,32,82,250,"OrderedDict([('min_node_size', 32), ('num_features', 82), ('num_trees', 250)])",-0.11869425197074804,-0.11040331615840981,-0.11789313999039902,-0.11748437320744902,-0.1064064478294348,-0.11417630583128816,0.004894407986492848,36,DRF,2.5,7.5,0.25,dummyID
102.92094707489014,19.512854340705236,15.036797380447387,1.007241163301856,8,9,500,"OrderedDict([('min_node_size', 8), ('num_features', 9), ('num_trees', 500)])",-0.13906957629349512,-0.1288868393971155,-0.1390312447473866,-0.13813881314873633,-0.1246634856285582,-0.13395799184305837,0.006024116371993604,8,DRF,1.0,9.0,0.1,dummyID
94.84808583259583,15.865560191000087,13.169228410720825,1.8365347892218524,4,9,100,"OrderedDict([('min_node_size', 4), ('num_features', 9), ('num_trees', 100)])",-0.13914447369297586,-0.12810793197438441,-0.13908451587571877,-0.13807666587110412,-0.12569410749700252,-0.13402153898223715,0.0058760379873488595,10,DRF,1.0,9.0,0.1,dummyID
94.2288733959198,18.5104723052173,12.60748348236084,1.1321491437581035,4,9,100,"OrderedDict([('min_node_size', 4), ('num_features', 9), ('num_trees', 100)])",-0.13914447369297586,-0.12810793197438441,-0.13908451587571877,-0.13807666587110412,-0.12569410749700252,-0.13402153898223715,0.0058760379873488595,10,DRF,1.0,9.0,0.1,dummyID
91.86578555107117,18.347982500438032,12.843622541427612,1.0042572905909244,32,9,50,"OrderedDict([('min_node_size', 32), ('num_features', 9), ('num_trees', 50)])",-0.1406257582061861,-0.1315406739313378,-0.13937024639303247,-0.13955855310746224,-0.12631303989552123,-0.13548165430670797,0.00561780871361988,33,DRF,1.0,9.0,0.1,dummyID
91.88979768753052,17.250145999521067,12.4039701461792,1.2283383943035708,2,9,50,"OrderedDict([('min_node_size', 2), ('num_features', 9), ('num_trees', 50)])",-0.13795821840628214,-0.12982232621365603,-0.13907691459390764,-0.13920213209967916,-0.127303080339325,-0.13467253433057,0.005070402591626039,26,DRF,1.0,9.0,0.1,dummyID
118.98560404777527,21.60841177587726,16.76632413864136,1.11404482639242,64,82,250,"OrderedDict([('min_node_size', 64), ('num_features', 82), ('num_trees', 250)])",-0.14337025211970839,-0.1337082324895568,-0.14040746994625944,-0.1419354113533813,-0.1279048648324954,-0.13746524614828026,0.005814192908666441,42,DRF,1.0,9.0,0.1,dummyID
168.6283350467682,28.249737212422747,16.349309110641478,1.5232189688491984,16,82,500,"OrderedDict([('min_node_size', 16), ('num_features', 82), ('num_trees', 500)])",-0.14076981447582654,-0.1303295868629763,-0.14019747714585004,-0.13949459073713621,-0.1260442433798307,-0.13536714252032395,0.006030758509847371,32,DRF,1.0,9.0,0.1,dummyID
163.98436770439147,27.358998065681707,17.12439956665039,0.9294482554896963,32,82,500,"OrderedDict([('min_node_size', 32), ('num_features', 82), ('num_trees', 500)])",-0.14170044580249827,-0.13216096446087502,-0.14037242444199463,-0.13984100526978402,-0.12648619404285869,-0.13611220680360211,0.005857546331999602,36,DRF,1.0,9.0,0.1,dummyID
107.96299076080322,19.600237730132765,20.396305799484253,1.297796651506542,128,9,500,"OrderedDict([('min_node_size', 128), ('num_features', 9), ('num_trees', 500)])",-0.14495277896693828,-0.13616131089190278,-0.14135338258335986,-0.14237396508126052,-0.12956215882366748,-0.1388807192694258,0.005466580098034336,46,DRF,1.0,9.0,0.1,dummyID
112.77197833061219,19.958968009940868,12.649892282485961,1.2868288974106792,2,82,100,"OrderedDict([('min_node_size', 2), ('num_features', 82), ('num_trees', 100)])",-0.1392508219329896,-0.12866022841165198,-0.13885085612745926,-0.13855378622698672,-0.12363972200429915,-0.13379108294067737,0.006441571147133585,5,DRF,1.0,9.0,0.1,dummyID
110.32767114639282,20.581422496036776,14.130944776535035,0.9997626348270969,1,82,100,"OrderedDict([('min_node_size', 1), ('num_features', 82), ('num_trees', 100)])",-0.1392508219329896,-0.12866022841165198,-0.13885085612745926,-0.13855378622698672,-0.12363972200429915,-0.13379108294067737,0.006441571147133585,5,DRF,1.0,9.0,0.1,dummyID
105.94150748252869,18.835342341840494,14.030089139938354,1.8199919033083385,64,82,100,"OrderedDict([('min_node_size', 64), ('num_features', 82), ('num_trees', 100)])",-0.1445979471965017,-0.13372334357739887,-0.14043129615292718,-0.14066708200674893,-0.12751151200200572,-0.13738623618711648,0.006049331784136263,41,DRF,1.0,9.0,0.1,dummyID
112.79664158821106,20.321077309022364,13.244842433929444,0.9867772999311195,8,82,100,"OrderedDict([('min_node_size', 8), ('num_features', 82), ('num_trees', 100)])",-0.13957861639242372,-0.12955768401923604,-0.13886002321345545,-0.138843004415042,-0.12587231942123986,-0.1345423294922794,0.005701196974769178,24,DRF,1.0,9.0,0.1,dummyID
97.87168726921081,18.881806355175254,17.670102500915526,0.7584007543680559,128,9,250,"OrderedDict([('min_node_size', 128), ('num_features', 9), ('num_trees', 250)])",-0.1446315065498758,-0.13599419268082766,-0.1416704498539022,-0.14240948553371363,-0.1296109263870728,-0.13886331220107842,0.005432603854970258,45,DRF,1.0,9.0,0.1,dummyID
101.98700089454651,19.16763582316152,14.650243473052978,1.098869640124546,128,82,100,"OrderedDict([('min_node_size', 128), ('num_features', 82), ('num_trees', 100)])",-0.14609285329194982,-0.13576311750790804,-0.14259918232446384,-0.14170556727603212,-0.1300629946518609,-0.13924474301044293,0.005667993519147087,49,DRF,1.0,9.0,0.1,dummyID
91.8792727947235,17.169019039165455,12.532017517089844,1.1135163208161571,8,9,50,"OrderedDict([('min_node_size', 8), ('num_features', 9), ('num_trees', 50)])",-0.1387489723031225,-0.13042386105282497,-0.13970681435604854,-0.13822714501925856,-0.12554833364259915,-0.13453102527477073,0.0055820913252680755,23,DRF,1.0,9.0,0.1,dummyID
92.636270570755,17.301246993505913,12.446227741241454,1.22885152773978,16,9,50,"OrderedDict([('min_node_size', 16), ('num_features', 9), ('num_trees', 50)])",-0.13906198480230927,-0.1309069898353131,-0.13935009047059443,-0.13864637682950073,-0.12678004243681132,-0.13494909687490578,0.005158033550247598,29,DRF,1.0,9.0,0.1,dummyID
92.68634705543518,18.111535955310988,13.299133539199829,0.9769689391006524,64,9,50,"OrderedDict([('min_node_size', 64), ('num_features', 9), ('num_trees', 50)])",-0.1431967513700518,-0.13203315839521557,-0.13970005128678115,-0.14241519912272013,-0.1277339667895448,-0.1370158253928627,0.006091666780137871,39,DRF,1.0,9.0,0.1,dummyID
92.30340576171875,18.439742828309907,13.706928920745849,1.310968543169116,128,9,50,"OrderedDict([('min_node_size', 128), ('num_features', 9), ('num_trees', 50)])",-0.145082801130077,-0.13540345597365322,-0.14121781439738268,-0.14311417432398954,-0.13045364428069908,-0.1390543780211603,0.005381563728616995,48,DRF,1.0,9.0,0.1,dummyID
102.19655208587646,18.83566111836466,12.43537392616272,1.0885752822008972,1,82,50,"OrderedDict([('min_node_size', 1), ('num_features', 82), ('num_trees', 50)])",-0.13813540664094923,-0.1286506914942886,-0.1382983285906073,-0.13786474952917463,-0.12527315795613636,-0.13364446684223122,0.0055615530222870675,1,DRF,1.0,9.0,0.1,dummyID
108.55468697547913,20.41576702113353,14.76349859237671,0.9312786527863708,1,9,500,"OrderedDict([('min_node_size', 1), ('num_features', 9), ('num_trees', 500)])",-0.1388750044106316,-0.1296749711212733,-0.14005709501030503,-0.1384860194930797,-0.12420238587970961,-0.13425909518299983,0.006244067657264706,15,DRF,1.0,9.0,0.1,dummyID
103.41876955032349,17.94398728599539,13.20316185951233,2.3060893322666183,4,82,50,"OrderedDict([('min_node_size', 4), ('num_features', 82), ('num_trees', 50)])",-0.13786514142555686,-0.12874567357424926,-0.14042224469584044,-0.13898248285135018,-0.12345222902175525,-0.13389355431375038,0.006630481821316518,7,DRF,1.0,9.0,0.1,dummyID
187.75385332107544,32.69559654823709,15.062650871276855,1.1375190954323249,2,82,500,"OrderedDict([('min_node_size', 2), ('num_features', 82), ('num_trees', 500)])",-0.13964923567823095,-0.1293834525749403,-0.1401006902022961,-0.13837498316902838,-0.12436304374999364,-0.13437428107489788,0.0063522557678213675,18,DRF,1.0,9.0,0.1,dummyID
102.63303112983704,18.131744588544784,14.006449699401855,0.34742419249878065,16,9,100,"OrderedDict([('min_node_size', 16), ('num_features', 9), ('num_trees', 100)])",-0.14005626848464703,-0.130554346622299,-0.138701261711077,-0.13794172778067898,-0.12565909928436436,-0.13458254077661327,0.005550925160663063,25,DRF,1.0,9.0,0.1,dummyID
93.74410605430603,16.64194597626828,12.860955429077148,1.2672404639340369,32,9,100,"OrderedDict([('min_node_size', 32), ('num_features', 9), ('num_trees', 100)])",-0.14149983952856315,-0.13029119712844026,-0.13893540548833155,-0.1394753102961487,-0.1263193233497504,-0.1353042151582468,0.005913171226648844,30,DRF,1.0,9.0,0.1,dummyID
92.13117427825928,17.35736657453922,12.490658473968505,1.1163591806406232,1,9,50,"OrderedDict([('min_node_size', 1), ('num_features', 9), ('num_trees', 50)])",-0.13795821840628214,-0.12982232621365603,-0.13907691459390764,-0.13920213209967916,-0.127303080339325,-0.13467253433057,0.005070402591626039,26,DRF,1.0,9.0,0.1,dummyID
92.66490435600281,17.77805034775047,14.545475625991822,1.4353377885838765,128,9,100,"OrderedDict([('min_node_size', 128), ('num_features', 9), ('num_trees', 100)])",-0.1453223599376271,-0.13495561603583725,-0.14135688428789137,-0.14207430031462936,-0.12934764531084744,-0.13861136117736653,0.005722731046876902,44,DRF,1.0,9.0,0.1,dummyID
94.61605877876282,18.77288151333484,13.628898286819458,2.1307356757332148,1,9,100,"OrderedDict([('min_node_size', 1), ('num_features', 9), ('num_trees', 100)])",-0.141000360067842,-0.12812845830283576,-0.138813416073315,-0.13931057938277416,-0.12478160737834894,-0.13440688424102318,0.006618190980253048,21,DRF,1.0,9.0,0.1,dummyID
139.56624402999878,26.686302833019717,19.949774932861327,1.4929663298459652,128,82,500,"OrderedDict([('min_node_size', 128), ('num_features', 82), ('num_trees', 500)])",-0.14577341437725058,-0.13590019920609886,-0.142146287275036,-0.1426599424411216,-0.12996825065559278,-0.13928961879101995,0.005655710575636496,50,DRF,1.0,9.0,0.1,dummyID
101.31705389022827,18.63102231889175,13.368829250335693,0.8106496275822563,8,9,100,"OrderedDict([('min_node_size', 8), ('num_features', 9), ('num_trees', 100)])",-0.13881481912705787,-0.12890304863720253,-0.1378387401202731,-0.1376075660952702,-0.12528393072066857,-0.13368962094009446,0.005520870278166453,3,DRF,1.0,9.0,0.1,dummyID
109.32716670036316,20.746584541897153,14.192289304733276,1.0368874686424003,4,82,100,"OrderedDict([('min_node_size', 4), ('num_features', 82), ('num_trees', 100)])",-0.13925187473451323,-0.12867774874187018,-0.13983053278352536,-0.138485676100304,-0.12373832532260397,-0.13399683153656333,0.006562421295332896,9,DRF,1.0,9.0,0.1,dummyID
95.60792636871338,16.090845056169474,14.01493468284607,1.4949252921128755,64,9,100,"OrderedDict([('min_node_size', 64), ('num_features', 9), ('num_trees', 100)])",-0.14412491167700603,-0.13318806710491737,-0.14012239894226472,-0.1409307475516991,-0.12795609368139818,-0.13726444379145708,0.005864093095731668,40,DRF,1.0,9.0,0.1,dummyID
98.15702419281006,19.391649912110733,13.273337793350219,1.4120453296869546,64,82,50,"OrderedDict([('min_node_size', 64), ('num_features', 82), ('num_trees', 50)])",-0.14268977922399056,-0.13411298246593797,-0.14000641696414207,-0.1416260449251388,-0.12951988140168516,-0.1375910209961789,0.0050070537769561435,43,DRF,1.0,9.0,0.1,dummyID
98.05604581832885,19.12180887237979,14.092856645584106,0.8039710917252565,128,82,50,"OrderedDict([('min_node_size', 128), ('num_features', 82), ('num_trees', 50)])",-0.14530639492588654,-0.13572048936873676,-0.14115952168042406,-0.14183345448921825,-0.13094208290222004,-0.13899238867329716,0.005062559500208022,47,DRF,1.0,9.0,0.1,dummyID
99.41758913993836,18.966017310209107,12.650909471511842,1.242794268984016,32,82,50,"OrderedDict([('min_node_size', 32), ('num_features', 82), ('num_trees', 50)])",-0.14171054188988164,-0.13165284787891499,-0.13972321963365078,-0.14019094465876794,-0.1277808648003374,-0.13621168377231055,0.005482053176433801,37,DRF,1.0,9.0,0.1,dummyID
93.61794781684875,17.48620585087214,12.713135814666748,1.046889758726361,2,9,100,"OrderedDict([('min_node_size', 2), ('num_features', 9), ('num_trees', 100)])",-0.141000360067842,-0.12812845830283576,-0.138813416073315,-0.13931057938277416,-0.12478160737834894,-0.13440688424102318,0.006618190980253048,21,DRF,1.0,9.0,0.1,dummyID
143.45329809188843,27.599557431027,14.544767379760742,0.8867483047322922,1,82,250,"OrderedDict([('min_node_size', 1), ('num_features', 82), ('num_trees', 250)])",-0.13896825326270598,-0.12843102975795553,-0.13991135634022855,-0.13882066897071638,-0.12412637717735221,-0.1340515371017917,0.006501616728555433,13,DRF,1.0,9.0,0.1,dummyID
98.8949746131897,15.760281206779025,13.680255889892578,1.7728696086667886,4,9,50,"OrderedDict([('min_node_size', 4), ('num_features', 9), ('num_trees', 50)])",-0.13810859433972353,-0.1285129544290251,-0.13776623559234802,-0.13777798842577194,-0.12672874580007534,-0.1337789037173888,0.0050610801897954276,4,DRF,1.0,9.0,0.1,dummyID
106.45137791633606,21.64182268913074,14.351040267944336,1.5004719763089438,4,9,500,"OrderedDict([('min_node_size', 4), ('num_features', 9), ('num_trees', 500)])",-0.13886986101581203,-0.12957595241047085,-0.13938121551885008,-0.13760045846720825,-0.12471760951498996,-0.13402901938546624,0.005854350305792944,12,DRF,1.0,9.0,0.1,dummyID
136.5780806541443,24.17831895427275,14.353656339645386,1.5509367627967585,4,82,250,"OrderedDict([('min_node_size', 4), ('num_features', 82), ('num_trees', 250)])",-0.13917486042754088,-0.12877456738377582,-0.13977269949729434,-0.13871554801076433,-0.12451946749558016,-0.1341914285629911,0.006314143664707524,14,DRF,1.0,9.0,0.1,dummyID
90.89361276626587,17.85224941078607,13.279560804367065,1.1110043518555457,32,9,100,"OrderedDict([('min_node_size', 32), ('num_features', 9), ('num_trees', 100)])",-0.14149983952856315,-0.13029119712844026,-0.13893540548833155,-0.1394753102961487,-0.1263193233497504,-0.1353042151582468,0.005913171226648844,30,DRF,1.0,9.0,0.1,dummyID
104.79395895004272,21.14528154361364,14.157698106765746,2.222816482040422,32,82,100,"OrderedDict([('min_node_size', 32), ('num_features', 82), ('num_trees', 100)])",-0.14203670576033775,-0.13083743590647984,-0.13971831063436732,-0.14016893752877768,-0.1258205382843583,-0.13571638562286417,0.006285205068965103,35,DRF,1.0,9.0,0.1,dummyID
191.10786423683166,32.67743815647022,15.834716081619263,1.5028629131002222,1,82,500,"OrderedDict([('min_node_size', 1), ('num_features', 82), ('num_trees', 500)])",-0.13964923567823095,-0.1293834525749403,-0.1401006902022961,-0.13837498316902838,-0.12436304374999364,-0.13437428107489788,0.0063522557678213675,18,DRF,1.0,9.0,0.1,dummyID
191.41381425857543,30.475565120930945,14.966212701797485,0.98563599960425,1,82,500,"OrderedDict([('min_node_size', 1), ('num_features', 82), ('num_trees', 500)])",-0.13964923567823095,-0.1293834525749403,-0.1401006902022961,-0.13837498316902838,-0.12436304374999364,-0.13437428107489788,0.0063522557678213675,18,DRF,1.0,9.0,0.1,dummyID
113.05261740684509,19.37114909807204,13.363609170913696,0.6396379542652956,16,82,100,"OrderedDict([('min_node_size', 16), ('num_features', 82), ('num_trees', 100)])",-0.14024367614850836,-0.1301185207134598,-0.13948018603882692,-0.13903457930534008,-0.12482641569908234,-0.1347406755810435,0.006178032833280785,28,DRF,1.0,9.0,0.1,dummyID
100.8779869556427,19.23572671006961,13.304976463317871,0.9736567096751182,8,82,50,"OrderedDict([('min_node_size', 8), ('num_features', 82), ('num_trees', 50)])",-0.13890340066953685,-0.12881094033640034,-0.13949025465305978,-0.13901273456992874,-0.125398859309845,-0.13432323790775413,0.005994952706889491,17,DRF,1.0,9.0,0.1,dummyID
98.95559787750244,17.464967519219837,13.171932935714722,1.7609847833542744,8,9,250,"OrderedDict([('min_node_size', 8), ('num_features', 9), ('num_trees', 250)])",-0.13921544960580776,-0.1295140393232686,-0.13932594697204465,-0.13817786895283848,-0.12515216663157355,-0.1342770942971066,0.005848851288723614,16,DRF,1.0,9.0,0.1,dummyID
104.01627492904663,19.889166779930605,12.75422716140747,1.3349582749999649,2,82,50,"OrderedDict([('min_node_size', 2), ('num_features', 82), ('num_trees', 50)])",-0.13813540664094923,-0.1286506914942886,-0.1382983285906073,-0.13786474952917463,-0.12527315795613636,-0.13364446684223122,0.0055615530222870675,1,DRF,1.0,9.0,0.1,dummyID
100.94676241874694,19.37891937082253,16.936456441879272,1.1761763282978765,64,9,500,"OrderedDict([('min_node_size', 64), ('num_features', 9), ('num_trees', 500)])",-0.14265447517922236,-0.13342167207127517,-0.14037684331951483,-0.14040101440579453,-0.12732314821084714,-0.1368354306373308,0.005678970598347765,38,DRF,1.0,9.0,0.1,dummyID
101.93683805465699,18.881846097193122,15.097427272796631,0.9301171738751103,32,9,500,"OrderedDict([('min_node_size', 32), ('num_features', 9), ('num_trees', 500)])",-0.14131714674847354,-0.13128297383282092,-0.13989280871828286,-0.139356720482843,-0.1261049439258342,-0.1355909187416509,0.0058994798898708775,34,DRF,1.0,9.0,0.1,dummyID
